,102,103,104,105,106,107,108,110,111,112,113,114,115,116,117,118,119,120,121,122,123,124,125,126,127,128,129,130,131,132,133,134,135,136
102,0.0,0.2219285986878663,0.1647486116833179,0.18673925308260508,0.1356727291974228,0.1753329269870516,0.143536330441146,0.13517105485682757,0.17635210076179797,0.1661148348261572,0.13727144114408296,0.16331706160060222,0.1654208552997155,0.14776363711790885,0.26231496263489773,0.19627028075643194,0.14404334935194407,0.1158766100468065,0.3671860992855045,0.16773766687774738,0.26614225108051714,0.12659957621730633,0.4778908839831696,0.15243486101415393,0.14223169899952814,0.10822583793323992,0.13534607462975035,0.21132424621294477,0.16204714006286647,0.12661420921341915,0.14670935607346625,0.16712618049436123,0.21859703402977237,0.17242040444846252
103,0.2219285986878663,0.0,0.24123546117958528,0.26184010055262463,0.23100162252409306,0.26262336817754683,0.22451578790011562,0.23078088581423117,0.2667946164720528,0.24389585510897993,0.23225594745361622,0.24024340762166696,0.2570522895264544,0.23373107863201892,0.33670370076319667,0.25863370612604575,0.254748521481278,0.21369776189268197,0.4085626690394174,0.24898411442736723,0.3225910750525476,0.21728147502826067,0.4403335957537171,0.2388499649205459,0.2238669789326182,0.20542112868739582,0.2416160482224079,0.2863512829829521,0.2406789702249027,0.23403442769468064,0.24261123103611393,0.23704235776529103,0.2643729400556185,0.24710846831055322
104,0.1647486116833179,0.24123546117958528,0.0,0.21639815069128931,0.15742321263267256,0.20711949004614527,0.16114197054025226,0.14725151205639675,0.2219941243106498,0.1866414613556978,0.16619482456458234,0.19213477551692515,0.1952453153749416,0.1789521844947224,0.2782181683756575,0.20076084228519042,0.19444612331501,0.14767032569055827,0.3417851154554321,0.19523293742982517,0.2509657082044279,0.1511324349528057,0.4698738200619509,0.18612807465772496,0.16272011880602066,0.1446722304238527,0.16634535666919703,0.2376197104252259,0.1641112865878548,0.16258513363889182,0.17818876529222605,0.1862005839846954,0.20511269334231064,0.20481242386471
105,0.18673925308260508,0.26184010055262463,0.21639815069128931,0.0,0.1912330630768957,0.21858334477746877,0.17426002935420748,0.18493621563421492,0.21293053791251337,0.22046797136168683,0.1946411603908299,0.18499137994338966,0.22440539967689388,0.20047642770358154,0.30266816640472305,0.24611095097268787,0.21490611159748685,0.18336328279475955,0.3951037001592006,0.2043035572028753,0.30298864193398256,0.18691948828184102,0.4935319276279232,0.21885979217450013,0.2013378174476017,0.16425256006899547,0.19686494863172632,0.2436021322331704,0.20188581470800282,0.2015659550957556,0.19573371769733816,0.21536054907690327,0.25290608521239677,0.20854822876572454
106,0.1356727291974228,0.23100162252409306,0.15742321263267256,0.1912330630768957,0.0,0.17886347257667246,0.13738032931135558,0.11191319400734212,0.18072687982640512,0.15337694582091954,0.12417920117391401,0.1665181909301412,0.1675247582744278,0.14413589585010222,0.24894319568263634,0.19486867218782622,0.14403914720845756,0.11252481946876314,0.35983562645197464,0.15522756782557623,0.2514018370539489,0.1252654105615384,0.5079743768986138,0.16448576413128213,0.138455094563527,0.10434125927133919,0.12992809109277503,0.19602229468585208,0.16283393430939097,0.12724786860924509,0.14023537288490118,0.16808758721384898,0.20143201301388935,0.18026719711823957
107,0.1753329269870516,0.26262336817754683,0.20711949004614527,0.21858334477746877,0.17886347257667246,0.0,0.16432590386417578,0.17263675026607617,0.21765224713546927,0.20634230211818227,0.17888122489442793,0.19782512351718973,0.20571791127997563,0.18848484136838795,0.3188694461769592,0.2307570438653711,0.1980348730622854,0.1679206240328115,0.4021082163806269,0.19974112213244932,0.29408074346190183,0.17140407183928863,0.5198594393931303,0.19464627647568955,0.18720124051249387,0.14413936286683215,0.18458791456380674,0.22738510684054125,0.19249887187845305,0.18191967265957887,0.1868341937097946,0.22059534697347116,0.25158280737994143,0.19827532905068357
108,0.143536330441146,0.22451578790011562,0.16114197054025226,0.17426002935420748,0.13738032931135558,0.16432590386417578,0.0,0.12433276319286302,0.17832996923434918,0.16716638398062633,0.1328740420304949,0.14972079289738804,0.18190425486598272,0.1513787322186746,0.283599365772371,0.1959854588748634,0.16677813771173233,0.13098260062256095,0.3703742148846241,0.15670293742346741,0.24520452974775853,0.1330436476941974,0.4899147761590684,0.1672861103004849,0.15008086593004577,0.10074601259299953,0.14330699076140385,0.20077087577200226,0.14668079540556112,0.14352327697414524,0.1473136998063398,0.1766616586653087,0.2050532970872132,0.16501745945915014
110,0.13517105485682757,0.23078088581423117,0.14725151205639675,0.18493621563421492,0.11191319400734212,0.17263675026607617,0.12433276319286302,0.0,0.18071767087365798,0.14771926129059332,0.12728543954699034,0.16042306624310643,0.17173051778990844,0.1437937539498162,0.24733081435196302,0.1886635566433843,0.15083780806976854,0.11272289639306288,0.3485502386420135,0.16085228092745818,0.22330790510014265,0.11836474589568802,0.5060127110171421,0.16049734384795078,0.13003049226312868,0.10374942262747178,0.12823371332631428,0.19561506426517838,0.14835219549380818,0.12858153755774515,0.14054960977087572,0.16700178512618435,0.19560844812436973,0.17242558013819442
111,0.17635210076179797,0.2667946164720528,0.2219941243106498,0.21293053791251337,0.18072687982640512,0.21765224713546927,0.17832996923434918,0.18071767087365798,0.0,0.1966578515034415,0.1778386860097988,0.18637669651360766,0.215464728459276,0.18721132367003257,0.300205521572831,0.2494631190482548,0.19063554410188333,0.1717457170323068,0.40989334781016473,0.19867926133509828,0.3137348341363302,0.18649831032108422,0.5205340274678325,0.2158504017845222,0.19721543521411344,0.15155751703268827,0.17843762556759735,0.23998316281571497,0.21106677303354782,0.18181091363619606,0.18663312660774212,0.21453755480469316,0.2616570043195252,0.2187167206130496
112,0.1661148348261572,0.24389585510897993,0.1866414613556978,0.22046797136168683,0.15337694582091954,0.20634230211818227,0.16716638398062633,0.14771926129059332,0.1966578515034415,0.0,0.16028481274215478,0.1918421255288144,0.1993636941478506,0.1734245577954271,0.26139449452843166,0.19325966846657483,0.17618348851263121,0.13959682588955902,0.3732960854539952,0.19500885291297765,0.23622315833660767,0.14862251352315348,0.504020348626513,0.18365814809728542,0.14504753250134472,0.13797424219160292,0.15965326931929014,0.23956167689645214,0.1774495158653865,0.15433629617231814,0.18428493306452332,0.18724997742962168,0.22224574627843063,0.19442180452717284
113,0.13727144114408296,0.23225594745361622,0.16619482456458234,0.1946411603908299,0.12417920117391401,0.17888122489442793,0.1328740420304949,0.12728543954699034,0.1778386860097988,0.16028481274215478,0.0,0.16446076982156044,0.1689942567924122,0.14457241213129224,0.2869241255408943,0.2011459294958604,0.14635383287938264,0.12391363166604996,0.38808511718794714,0.15081232698692437,0.2619830429701855,0.13262488373076264,0.5202241417375248,0.16200534711334402,0.15284590614664517,0.09954892820903105,0.1274841522565927,0.2094988370692078,0.16478433487002642,0.12383514198357382,0.14551664271345532,0.17038504707672275,0.20816170110397758,0.18541880648157683
114,0.16331706160060222,0.24024340762166696,0.19213477551692515,0.18499137994338966,0.1665181909301412,0.19782512351718973,0.14972079289738804,0.16042306624310643,0.18637669651360766,0.1918421255288144,0.16446076982156044,0.0,0.18740872507244766,0.16923839834873833,0.2814162379884261,0.2270014898833842,0.19349406462630447,0.15641191663519527,0.3655847349220337,0.17927055398516578,0.276650083399137,0.16492492289513727,0.5099943164767576,0.21229789179951397,0.17802947127140534,0.1310220391796334,0.1693601015635232,0.21008627288668147,0.18309826959903563,0.17608563718085168,0.16645079768803028,0.19281522473738888,0.22666945100892777,0.19167997047413055
115,0.1654208552997155,0.2570522895264544,0.1952453153749416,0.22440539967689388,0.1675247582744278,0.20571791127997563,0.18190425486598272,0.17173051778990844,0.215464728459276,0.1993636941478506,0.1689942567924122,0.18740872507244766,0.0,0.1863542751475339,0.2830864956499569,0.22410284534586078,0.18600515947720653,0.15560998275114468,0.37078827006315906,0.18674700171598457,0.28904406222621504,0.1686156367103705,0.521227699035768,0.19962880668502814,0.17855369612196392,0.14458468080080966,0.17240476810366856,0.22355428183917436,0.1974123001726793,0.15928442443628088,0.17957172746999406,0.21205056138252787,0.24729085921933203,0.2070238142921993
116,0.14776363711790885,0.23373107863201892,0.1789521844947224,0.20047642770358154,0.14413589585010222,0.18848484136838795,0.1513787322186746,0.1437937539498162,0.18721132367003257,0.1734245577954271,0.14457241213129224,0.16923839834873833,0.1863542751475339,0.0,0.27165216519863833,0.21610227210593702,0.1588810385298609,0.1324390357393992,0.36157693312110817,0.1719759110485498,0.288924405445374,0.13992265592316655,0.5035490032316967,0.17861981779346903,0.15621231978665584,0.11111976375171828,0.14606296110329098,0.21392671414075526,0.17725121045574366,0.15073843681374932,0.16061178520247854,0.18088643213500522,0.21348110811656218,0.19372103004530616
117,0.26231496263489773,0.33670370076319667,0.2782181683756575,0.30266816640472305,0.24894319568263634,0.3188694461769592,0.283599365772371,0.24733081435196302,0.300205521572831,0.26139449452843166,0.2869241255408943,0.2814162379884261,0.2830864956499569,0.27165216519863833,0.0,0.30336848391590343,0.2761297129969774,0.22726260889412764,0.3622354179461845,0.301417586648,0.3355843212642209,0.23287038427817386,0.5158596047767822,0.2992003450088946,0.2290664609424371,0.2535875477156869,0.26228219982350587,0.2929027326370214,0.2752969931964615,0.27257854412159277,0.28041975380167805,0.27524287197254926,0.2937187134026086,0.2905579067690789
118,0.19627028075643194,0.25863370612604575,0.20076084228519042,0.24611095097268787,0.19486867218782622,0.2307570438653711,0.1959854588748634,0.1886635566433843,0.2494631190482548,0.19325966846657483,0.2011459294958604,0.2270014898833842,0.22410284534586078,0.21610227210593702,0.30336848391590343,0.0,0.21099934005485566,0.17491874266462704,0.3679390975695198,0.22990774397625224,0.2622239459951249,0.18070857119650974,0.49279257885963,0.20375734808863877,0.17441916442870242,0.17711651337883016,0.19560358039314418,0.2770288425592138,0.20063170832967758,0.17907845741637196,0.22147679375696983,0.2150331395141838,0.24047766470336163,0.20695467264050538
119,0.14404334935194407,0.254748521481278,0.19444612331501,0.21490611159748685,0.14403914720845756,0.1980348730622854,0.16677813771173233,0.15083780806976854,0.19063554410188333,0.17618348851263121,0.14635383287938264,0.19349406462630447,0.18600515947720653,0.1588810385298609,0.2761297129969774,0.21099934005485566,0.0,0.1297769033345667,0.38640588899315764,0.18259265140273306,0.2930731727689341,0.15052473347880102,0.5393725943473601,0.17703571897463088,0.1589396400533296,0.12026351870289631,0.14442810873581713,0.225676523246218,0.1950666994413991,0.13264316255822206,0.16886326515171746,0.19188558741475714,0.24356372682721505,0.19828761758849178
120,0.1158766100468065,0.21369776189268197,0.14767032569055827,0.18336328279475955,0.11252481946876314,0.1679206240328115,0.13098260062256095,0.11272289639306288,0.1717457170323068,0.13959682588955902,0.12391363166604996,0.15641191663519527,0.15560998275114468,0.1324390357393992,0.22726260889412764,0.17491874266462704,0.1297769033345667,0.0,0.3443868681247767,0.1625637156214993,0.24279420805946883,0.11394046498476029,0.49764510090866443,0.14949143334935522,0.11109882257330284,0.09302903933476514,0.12144234412769617,0.19271876418595957,0.1494763334484106,0.11666911642691202,0.14044759603219115,0.15939142511593551,0.19654376777814653,0.16046617049981626
121,0.3671860992855045,0.4085626690394174,0.3417851154554321,0.3951037001592006,0.35983562645197464,0.4021082163806269,0.3703742148846241,0.3485502386420135,0.40989334781016473,0.3732960854539952,0.38808511718794714,0.3655847349220337,0.37078827006315906,0.36157693312110817,0.3622354179461845,0.3679390975695198,0.38640588899315764,0.3443868681247767,0.0,0.3884880560578259,0.4267216708374183,0.33377365439219553,0.5475396241269078,0.39105665848410986,0.3330899368379091,0.35318117957883033,0.37024914399456277,0.3954504316346422,0.3528727939044719,0.37102666968346787,0.376785960652519,0.37400541323501557,0.35739211478404287,0.3740719620747708
122,0.16773766687774738,0.24898411442736723,0.19523293742982517,0.2043035572028753,0.15522756782557623,0.19974112213244932,0.15670293742346741,0.16085228092745818,0.19867926133509828,0.19500885291297765,0.15081232698692437,0.17927055398516578,0.18674700171598457,0.1719759110485498,0.301417586648,0.22990774397625224,0.18259265140273306,0.1625637156214993,0.3884880560578259,0.0,0.29618228211001885,0.16617504568117403,0.5004814583547911,0.19408934841861125,0.1835571178389911,0.1278651465993751,0.16624240912084876,0.22417500697774373,0.1864686966337712,0.15821888800514727,0.16441084080698953,0.19768923434283314,0.23132153180706705,0.19910117442261166
123,0.26614225108051714,0.3225910750525476,0.2509657082044279,0.30298864193398256,0.2514018370539489,0.29408074346190183,0.24520452974775853,0.22330790510014265,0.3137348341363302,0.23622315833660767,0.2619830429701855,0.276650083399137,0.28904406222621504,0.288924405445374,0.3355843212642209,0.2622239459951249,0.2930731727689341,0.24279420805946883,0.4267216708374183,0.29618228211001885,0.0,0.24159498783424826,0.5009655492581022,0.27295342896497976,0.22847014399901333,0.24671768883459277,0.26213134982623987,0.32987460168050786,0.24592560962273768,0.25693666600862886,0.28950377473681665,0.2671824951775684,0.2835830837081289,0.27579138580850904
124,0.12659957621730633,0.21728147502826067,0.1511324349528057,0.18691948828184102,0.1252654105615384,0.17140407183928863,0.1330436476941974,0.11836474589568802,0.18649831032108422,0.14862251352315348,0.13262488373076264,0.16492492289513727,0.1686156367103705,0.13992265592316655,0.23287038427817386,0.18070857119650974,0.15052473347880102,0.11394046498476029,0.33377365439219553,0.16617504568117403,0.24159498783424826,0.0,0.47676971633802934,0.14557719132941438,0.128389460857242,0.10441691772238826,0.12457386490070943,0.2008445473939796,0.14769950227547568,0.12775774855390631,0.15100294336805986,0.1585964351994904,0.18660357252530102,0.17047120591941556
125,0.4778908839831696,0.4403335957537171,0.4698738200619509,0.4935319276279232,0.5079743768986138,0.5198594393931303,0.4899147761590684,0.5060127110171421,0.5205340274678325,0.504020348626513,0.5202241417375248,0.5099943164767576,0.521227699035768,0.5035490032316967,0.5158596047767822,0.49279257885963,0.5393725943473601,0.49764510090866443,0.5475396241269078,0.5004814583547911,0.5009655492581022,0.47676971633802934,0.0,0.4661685229213318,0.48899524186226595,0.4994722683961298,0.5245561245039285,0.5514151229799512,0.46663571584338825,0.5178444966901018,0.5071790293529359,0.4467570240765536,0.47675537143213176,0.48692343611120636
126,0.15243486101415393,0.2388499649205459,0.18612807465772496,0.21885979217450013,0.16448576413128213,0.19464627647568955,0.1672861103004849,0.16049734384795078,0.2158504017845222,0.18365814809728542,0.16200534711334402,0.21229789179951397,0.19962880668502814,0.17861981779346903,0.2992003450088946,0.20375734808863877,0.17703571897463088,0.14949143334935522,0.39105665848410986,0.19408934841861125,0.27295342896497976,0.14557719132941438,0.4661685229213318,0.0,0.1643677365502798,0.1390561103577055,0.166492401888791,0.2464106442698577,0.18411747317621818,0.14832857209614603,0.18215927431147627,0.18511291427770338,0.22832371469643153,0.19696249200499993
127,0.14223169899952814,0.2238669789326182,0.16272011880602066,0.2013378174476017,0.138455094563527,0.18720124051249387,0.15008086593004577,0.13003049226312868,0.19721543521411344,0.14504753250134472,0.15284590614664517,0.17802947127140534,0.17855369612196392,0.15621231978665584,0.2290664609424371,0.17441916442870242,0.1589396400533296,0.11109882257330284,0.3330899368379091,0.1835571178389911,0.22847014399901333,0.128389460857242,0.48899524186226595,0.1643677365502798,0.0,0.11748690520695448,0.1485198938016019,0.21901264886912863,0.15992146144152874,0.13735788807699112,0.16762011613572225,0.1729553085052815,0.19860981172489822,0.17118942476053145
128,0.10822583793323992,0.20542112868739582,0.1446722304238527,0.16425256006899547,0.10434125927133919,0.14413936286683215,0.10074601259299953,0.10374942262747178,0.15155751703268827,0.13797424219160292,0.09954892820903105,0.1310220391796334,0.14458468080080966,0.11111976375171828,0.2535875477156869,0.17711651337883016,0.12026351870289631,0.09302903933476514,0.35318117957883033,0.1278651465993751,0.24671768883459277,0.10441691772238826,0.4994722683961298,0.1390561103577055,0.11748690520695448,0.0,0.10549263665251418,0.1788803208872003,0.1350370333017984,0.10148877870729578,0.11809578884425675,0.1511157952593305,0.1867289215714324,0.15072634695884823
129,0.13534607462975035,0.2416160482224079,0.16634535666919703,0.19686494863172632,0.12992809109277503,0.18458791456380674,0.14330699076140385,0.12823371332631428,0.17843762556759735,0.15965326931929014,0.1274841522565927,0.1693601015635232,0.17240476810366856,0.14606296110329098,0.26228219982350587,0.19560358039314418,0.14442810873581713,0.12144234412769617,0.37024914399456277,0.16624240912084876,0.26213134982623987,0.12457386490070943,0.5245561245039285,0.166492401888791,0.1485198938016019,0.10549263665251418,0.0,0.21380656065264636,0.16388496688830145,0.12146734837156314,0.1581477197878003,0.1797737780524371,0.21281744760175425,0.1814043289349706
130,0.21132424621294477,0.2863512829829521,0.2376197104252259,0.2436021322331704,0.19602229468585208,0.22738510684054125,0.20077087577200226,0.19561506426517838,0.23998316281571497,0.23956167689645214,0.2094988370692078,0.21008627288668147,0.22355428183917436,0.21392671414075526,0.2929027326370214,0.2770288425592138,0.225676523246218,0.19271876418595957,0.3954504316346422,0.22417500697774373,0.32987460168050786,0.2008445473939796,0.5514151229799512,0.2464106442698577,0.21901264886912863,0.1788803208872003,0.21380656065264636,0.0,0.23928744481383568,0.22275157309178573,0.20352362745079333,0.24579579021119513,0.2605114185450943,0.24245553317591295
131,0.16204714006286647,0.2406789702249027,0.1641112865878548,0.20188581470800282,0.16283393430939097,0.19249887187845305,0.14668079540556112,0.14835219549380818,0.21106677303354782,0.1774495158653865,0.16478433487002642,0.18309826959903563,0.1974123001726793,0.17725121045574366,0.2752969931964615,0.20063170832967758,0.1950666994413991,0.1494763334484106,0.3528727939044719,0.1864686966337712,0.24592560962273768,0.14769950227547568,0.46663571584338825,0.18411747317621818,0.15992146144152874,0.1350370333017984,0.16388496688830145,0.23928744481383568,0.0,0.16084036988717354,0.17800389084710766,0.19062787494166666,0.21758800301743697,0.17859525065199788
132,0.12661420921341915,0.23403442769468064,0.16258513363889182,0.2015659550957556,0.12724786860924509,0.18191967265957887,0.14352327697414524,0.12858153755774515,0.18181091363619606,0.15433629617231814,0.12383514198357382,0.17608563718085168,0.15928442443628088,0.15073843681374932,0.27257854412159277,0.17907845741637196,0.13264316255822206,0.11666911642691202,0.37102666968346787,0.15821888800514727,0.25693666600862886,0.12775774855390631,0.5178444966901018,0.14832857209614603,0.13735788807699112,0.10148877870729578,0.12146734837156314,0.22275157309178573,0.16084036988717354,0.0,0.15166680256577514,0.17288760730466457,0.2165777600393678,0.17461895996014887
133,0.14670935607346625,0.24261123103611393,0.17818876529222605,0.19573371769733816,0.14023537288490118,0.1868341937097946,0.1473136998063398,0.14054960977087572,0.18663312660774212,0.18428493306452332,0.14551664271345532,0.16645079768803028,0.17957172746999406,0.16061178520247854,0.28041975380167805,0.22147679375696983,0.16886326515171746,0.14044759603219115,0.376785960652519,0.16441084080698953,0.28950377473681665,0.15100294336805986,0.5071790293529359,0.18215927431147627,0.16762011613572225,0.11809578884425675,0.1581477197878003,0.20352362745079333,0.17800389084710766,0.15166680256577514,0.0,0.1875769002192188,0.22640729884706678,0.19108650463042443
134,0.16712618049436123,0.23704235776529103,0.1862005839846954,0.21536054907690327,0.16808758721384898,0.22059534697347116,0.1766616586653087,0.16700178512618435,0.21453755480469316,0.18724997742962168,0.17038504707672275,0.19281522473738888,0.21205056138252787,0.18088643213500522,0.27524287197254926,0.2150331395141838,0.19188558741475714,0.15939142511593551,0.37400541323501557,0.19768923434283314,0.2671824951775684,0.1585964351994904,0.4467570240765536,0.18511291427770338,0.1729553085052815,0.1511157952593305,0.1797737780524371,0.24579579021119513,0.19062787494166666,0.17288760730466457,0.1875769002192188,0.0,0.21722406560223495,0.21283879608012923
135,0.21859703402977237,0.2643729400556185,0.20511269334231064,0.25290608521239677,0.20143201301388935,0.25158280737994143,0.2050532970872132,0.19560844812436973,0.2616570043195252,0.22224574627843063,0.20816170110397758,0.22666945100892777,0.24729085921933203,0.21348110811656218,0.2937187134026086,0.24047766470336163,0.24356372682721505,0.19654376777814653,0.35739211478404287,0.23132153180706705,0.2835830837081289,0.18660357252530102,0.47675537143213176,0.22832371469643153,0.19860981172489822,0.1867289215714324,0.21281744760175425,0.2605114185450943,0.21758800301743697,0.2165777600393678,0.22640729884706678,0.21722406560223495,0.0,0.24727444801120002
136,0.17242040444846252,0.24710846831055322,0.20481242386471,0.20854822876572454,0.18026719711823957,0.19827532905068357,0.16501745945915014,0.17242558013819442,0.2187167206130496,0.19442180452717284,0.18541880648157683,0.19167997047413055,0.2070238142921993,0.19372103004530616,0.2905579067690789,0.20695467264050538,0.19828761758849178,0.16046617049981626,0.3740719620747708,0.19910117442261166,0.27579138580850904,0.17047120591941556,0.48692343611120636,0.19696249200499993,0.17118942476053145,0.15072634695884823,0.1814043289349706,0.24245553317591295,0.17859525065199788,0.17461895996014887,0.19108650463042443,0.21283879608012923,0.24727444801120002,0.0
