FileName,FolderName
labelme_albwvmqgrgwlxxx.jpg,bathroom
labelme_aqzpndrsppatraq.jpg,bathroom
labelme_huhykljhyigbhct.jpg,bathroom
labelme_ihjqlrmkjyemzya.jpg,bathroom
labelme_iocgjwcthdvttcs.jpg,bathroom
labelme_jdgkziouohmryxw.jpg,bathroom
labelme_kxvouciolcpqplr.jpg,kitchen
labelme_maitcyodsfflkgk.jpg,bathroom
labelme_mitrosygehdeufb.jpg,bathroom
labelme_nqcamkzzhnvpnaa.jpg,bathroom
labelme_qglnhnudtmzmocz.jpg,kitchen
labelme_rbrrbtaxscidgzz.jpg,kitchen
labelme_rwwtgnnqniabmbw.jpg,bathroom
labelme_snvevhpzwsruuja.jpg,bathroom
labelme_tyvaihcwznonioe.jpg,bathroom
labelme_uogxwpbmtxcnafj.jpg,bathroom
labelme_vvuttgvlwdydbkh.jpg,bathroom
labelme_xbsnnlvmskdknsb.jpg,bathroom
labelme_yfvjufwlxjspvee.jpg,kitchen
labelme_ypjbonxtpwcohyk.jpg,bathroom
sun_aailohlxppyetonl.jpg,bathroom
sun_aapitsgbtktqubfy.jpg,bathroom
sun_aarrcygkwuzaeiuk.jpg,kitchen
sun_aarslpsdvwwqyohc.jpg,bathroom
sun_aaslbwtcdcwjukuo.jpg,kitchen
sun_aasmevtpkslccptd.jpg,kitchen
sun_aaurzltrbxfksuhz.jpg,bathroom
sun_aauyknaheebshrxq.jpg,kitchen
sun_aavhrsfjbserjtht.jpg,bathroom
sun_aavzagnbsbymxlyh.jpg,kitchen
sun_aawefvrbscajixha.jpg,kitchen
sun_aaznyvntjefttmaz.jpg,bathroom
sun_aazqzpomyylceich.jpg,bathroom
sun_abdiiftvfbsqoreg.jpg,bathroom
sun_abetroyqyygtscdw.jpg,bathroom
sun_abgovsbwwyozjdzp.jpg,kitchen
sun_abjtwfukuwddzted.jpg,bathroom
sun_abkdszjmterwgxgk.jpg,kitchen
sun_abntrinbqbsqoowj.jpg,kitchen
sun_abqihmfbiddwtcmz.jpg,kitchen
sun_abruimnjlaxgqbze.jpg,bathroom
sun_abtdlltafvpypcff.jpg,kitchen
sun_abvctdwfbgsumtid.jpg,kitchen
sun_abwmjfnrmqjdltxn.jpg,kitchen
sun_accreawivrzlvqyc.jpg,kitchen
sun_acdlgczjpwkeuvgy.jpg,kitchen
sun_acduarbnmmoglmiv.jpg,bathroom
sun_acfmftudsenhrfhy.jpg,kitchen
sun_acjcdbqhletirjdl.jpg,bathroom
sun_aclkmsuodfedolnj.jpg,kitchen
sun_acnxqvumxuhphsox.jpg,kitchen
sun_acpufsxakyzrtcti.jpg,kitchen
sun_acrnjwraljsrcesa.jpg,bathroom
sun_acselzrpurxmucxu.jpg,bathroom
sun_acsgbuurtwghzjel.jpg,bathroom
sun_acwjdupvyjsugpay.jpg,kitchen
sun_acxkpeoqbwcxfvip.jpg,kitchen
sun_aczamediblpgqmwt.jpg,bathroom
sun_acznlxcgnetogsai.jpg,kitchen
sun_adbqksnwuqqwdpxc.jpg,bathroom
sun_adcrxklhlbwrbkgm.jpg,kitchen
sun_admyjjnxxddpqaud.jpg,kitchen
sun_adoqbnxbotablpwl.jpg,kitchen
sun_aelpnoofufvvqqhf.jpg,kitchen
sun_aemhfvjhjlqeigto.jpg,kitchen
sun_aenotlpyftoioydp.jpg,kitchen
sun_aepbpufpcgbxxcdd.jpg,kitchen
sun_aepdfzurhsaporkg.jpg,bathroom
sun_aepvxmukjcxphfiy.jpg,kitchen
sun_aeqdtdmvphproomc.jpg,kitchen
sun_aevezokbkeojznwq.jpg,kitchen
sun_aewpzjfotcutxost.jpg,bathroom
sun_aexxtzchsriqptwg.jpg,bathroom
sun_aezuhrkzpxgayaoe.jpg,bathroom
sun_afbibxsnpvkmvhxn.jpg,kitchen
sun_afkjkqlhqnwftaam.jpg,bathroom
sun_afmgqyvomuhprelx.jpg,bathroom
sun_afmsnwrincaowafk.jpg,kitchen
sun_afscqnhvouixrplg.jpg,bathroom
sun_afsugeohwcfpkvgo.jpg,bathroom
sun_afuskngoumwbljpz.jpg,bathroom
sun_afutksgwyoqttegy.jpg,kitchen
sun_afvkcxzohlpzliti.jpg,bathroom
sun_afznskzeyysxrlqg.jpg,kitchen
sun_agauzddnbwdarpbz.jpg,bathroom
sun_agctjiqflyqiupzx.jpg,kitchen
sun_ageomnacdflnblsi.jpg,bathroom
sun_agfbbeozqztznacq.jpg,kitchen
sun_agguqiubmwhqqunb.jpg,bathroom
sun_agldadusrezhmyva.jpg,kitchen
sun_aglpqkbwvbofhrgt.jpg,kitchen
sun_aglwoufpxbtxqecp.jpg,kitchen
sun_agqborhpkvvwbvfl.jpg,kitchen
sun_agqfelptwqubavme.jpg,bathroom
sun_agrhekhltqnhqoau.jpg,kitchen
sun_agrkvwbkgrglcoga.jpg,kitchen
sun_agrwbmhcpmfuwmsg.jpg,bathroom
sun_agtnmpgkrgkzbvjw.jpg,kitchen
sun_agxuuvqtddjgypyr.jpg,kitchen
sun_agztutxlbisetcoy.jpg,bathroom
sun_ahbhthuvbhsokcnl.jpg,kitchen
sun_ahdoavtbmzlbpsyw.jpg,kitchen
sun_ahdycvpopffkzzsu.jpg,kitchen
sun_aheymxjdkejwbehi.jpg,kitchen
sun_ahijqszoswveeyji.jpg,bathroom
sun_ahilhlihtltiiszr.jpg,kitchen
sun_ahixopvqokygrcgy.jpg,bathroom
sun_ahjhgfuccyykgcqk.jpg,bathroom
sun_ahjvciulzdwyyshu.jpg,kitchen
sun_ahmtwjhnkkalblbh.jpg,kitchen
sun_ahmxuekfssakrqmm.jpg,kitchen
sun_ahovdllcccjqjyeb.jpg,kitchen
sun_ahqdurfcupipljxj.jpg,bathroom
sun_ahqjwnzgolcaoidx.jpg,bathroom
sun_ahqrrgokszxtlsyi.jpg,kitchen
sun_ahqykyyouxkgmdnq.jpg,kitchen
sun_ahrbttcvmcxopgma.jpg,bathroom
sun_ahrhvpdhoamfdhpf.jpg,kitchen
sun_ahvpoenucqfbjkep.jpg,kitchen
sun_ahvszpwjtodgwusx.jpg,kitchen
sun_aibgyrlkgcnwvhxl.jpg,kitchen
sun_aiceqwbizyfbxjga.jpg,bathroom
sun_aicgqimzgcarglin.jpg,kitchen
sun_aiequdasdjeizszp.jpg,kitchen
sun_aiffeoqzngslhzfi.jpg,kitchen
sun_aigrduzwokggqqja.jpg,kitchen
sun_aihqqhkbilvntzdn.jpg,kitchen
sun_aijkdpqohzcmjsco.jpg,kitchen
sun_aiksqkpgryhzwevk.jpg,bathroom
sun_ainaeweeykjelyft.jpg,bathroom
sun_aisuhvwdvarrjlni.jpg,kitchen
sun_aitsjpidonnknvwm.jpg,bathroom
sun_aiwjjxhtgtrwjdsf.jpg,kitchen
sun_aixacgstjgjpkhyx.jpg,kitchen
sun_aiyvqzhwvppwbskj.jpg,bathroom
sun_aizrxrylbrdfhxez.jpg,kitchen
sun_ajaqajwbqkwfvnef.jpg,bathroom
sun_ajawyzbcsphfnsgb.jpg,bathroom
sun_ajbfafirxjclbnxl.jpg,bathroom
sun_ajcbalthjpmuyygk.jpg,bathroom
sun_ajieuepqwqsumwkj.jpg,bathroom
sun_ajjktnfzwntvwsfh.jpg,kitchen
sun_ajkawyunawdxfxob.jpg,kitchen
sun_ajlfvmneqpseyguf.jpg,bathroom
sun_ajlxdvfhywnxqswk.jpg,bathroom
sun_ajmwiafzffjerzeb.jpg,kitchen
sun_ajnvbqoszcilcmds.jpg,kitchen
sun_ajnzhggqkskokvyd.jpg,kitchen
sun_ajnzlaendvxbrnmy.jpg,bathroom
sun_ajomvdpkryvawqyv.jpg,kitchen
sun_ajrwezxmmjejxsbt.jpg,kitchen
sun_ajtqfkwqpektgwsv.jpg,kitchen
sun_ajuvfnxneqoptivg.jpg,bathroom
sun_ajxqlzmoovksgjbl.jpg,kitchen
sun_ajxvejtymbkewxpy.jpg,kitchen
sun_ajyzthllrejcnemk.jpg,bathroom
sun_akbyysnpwewzraii.jpg,bathroom
sun_akcicdjszssqmkjl.jpg,kitchen
sun_akjkxldecwnanoah.jpg,bathroom
sun_akjyhxlvhklxxtyd.jpg,bathroom
sun_aknkhdxyjkyfjvgl.jpg,bathroom
sun_aknopalvgzzgfngw.jpg,bathroom
sun_akoozmcccyrpzqdd.jpg,kitchen
sun_akuognalfgmelepa.jpg,kitchen
sun_akwvdhqsbtcesevi.jpg,kitchen
sun_akwygwqxkobglwvv.jpg,kitchen
sun_akzfjiqikzlwlbaq.jpg,bathroom
sun_alaftnkvuoaxsizt.jpg,bathroom
sun_aleqenyvunhactkl.jpg,bathroom
sun_algkamzphkipsfil.jpg,bathroom
sun_algllabdmeofrowq.jpg,bathroom
sun_alkabxwdzpdmkuvo.jpg,bathroom
sun_alnurdgpqodhpawt.jpg,kitchen
sun_alvdofgavhiiyosk.jpg,kitchen
sun_alvoexkareccqxgq.jpg,kitchen
sun_alxnnlzdudyhqwig.jpg,kitchen
sun_alyergctkjrpiwgr.jpg,kitchen
sun_ambrwzywvjncguna.jpg,kitchen
sun_amgkcbncvhsceeuq.jpg,kitchen
sun_amhdrfkpqmptmlvl.jpg,bathroom
sun_amjiwsczphtrowfh.jpg,kitchen
sun_amkckbxigznghvip.jpg,bathroom
sun_amkzdhjzeppbseut.jpg,bathroom
sun_amppupofnobgmmut.jpg,bathroom
sun_anaaondppjmietbw.jpg,bathroom
sun_anbqoyitlozwisvu.jpg,kitchen
sun_anbwfxayngoytjhx.jpg,kitchen
sun_anecxlyzpkjfxrgi.jpg,kitchen
sun_angrmjwcbqlakjjz.jpg,kitchen
sun_angvzhbidnxzubxm.jpg,bathroom
sun_anjgzxqwccbiozsw.jpg,kitchen
sun_anjplxxhrqpqpzlr.jpg,kitchen
sun_anjpziwkjniyzlkr.jpg,kitchen
sun_anlddfvefwvocyae.jpg,bathroom
sun_anmlnygclbxbrdbw.jpg,bathroom
sun_anneoguowdhugwoy.jpg,bathroom
sun_annrglxxvocekqkh.jpg,kitchen
sun_anryaplzeujmzfkd.jpg,bathroom
sun_anryxjxdjnraelom.jpg,bathroom
sun_ansbufagozaoxmru.jpg,bathroom
sun_antscxbicizerfki.jpg,bathroom
sun_anuwqvomituqoawj.jpg,bathroom
sun_anydqmweocgeuwol.jpg,bathroom
sun_anyicygoftxdnxql.jpg,bathroom
sun_anzbjguxdgpobefx.jpg,kitchen
sun_aobtqmsjotgsxppu.jpg,kitchen
sun_aobyfgpmnvnnuolx.jpg,kitchen
sun_aomzbprctpzqwjzj.jpg,kitchen
sun_aorysgcktvwbovgc.jpg,kitchen
sun_aottaoasihbcshqd.jpg,bathroom
sun_aovnyfewezfmgwke.jpg,kitchen
sun_aowefbfvclkxfhop.jpg,bathroom
sun_aowvammdqpmypflg.jpg,kitchen
sun_apaviskbumvstgsv.jpg,bathroom
sun_apaxvwendkkxoteh.jpg,bathroom
sun_apbmvnchyjqxptff.jpg,kitchen
sun_apbokiglhflrauxo.jpg,bathroom
sun_apdxoksqpmpghypf.jpg,kitchen
sun_apfmyjfgtjmwzvfb.jpg,bathroom
sun_apkxzenqapsujocq.jpg,bathroom
sun_apmpdqangkfvwrpn.jpg,kitchen
sun_aprmzdnceosyiiqx.jpg,bathroom
sun_apunwgjjmfutuzff.jpg,kitchen
sun_apwqyecjudbhbsmm.jpg,bathroom
sun_apynckhmoftszqoq.jpg,bathroom
sun_aqgljqwslycnxfzi.jpg,kitchen
sun_aqgncenzjwahkkgv.jpg,kitchen
sun_aqocausinnuaogit.jpg,bathroom
sun_aqqabpdqjxygueuw.jpg,kitchen
sun_aqrdtsxisrulfusj.jpg,kitchen
sun_aqrpegblszgcoujh.jpg,bathroom
sun_aqwqdcouifhpnenx.jpg,bathroom
sun_aqxypnffmypblepf.jpg,kitchen
sun_aqyyqhbfyinaxiuf.jpg,bathroom
sun_arehvoriqhbnqssp.jpg,bathroom
sun_arhwdncltdednobr.jpg,bathroom
sun_arrmumgicgcoptbt.jpg,kitchen
sun_arvuykssgbdzaavk.jpg,kitchen
sun_aryemauxglpckieh.jpg,kitchen
sun_arzpkkvcdvvswxnf.jpg,bathroom
sun_asinbgvcqvrnsssj.jpg,bathroom
sun_askezdnmkcjbtpiw.jpg,bathroom
sun_asppapsiuwmrsopu.jpg,bathroom
sun_asrcfjusjydonoin.jpg,kitchen
sun_asuudekbluwjwevp.jpg,bathroom
sun_ataniphupyuxeowc.jpg,kitchen
sun_atcwuzwzjucraewh.jpg,bathroom
sun_ateoptjjakachbou.jpg,kitchen
sun_ateowiyyxtlctxnj.jpg,bathroom
sun_atfmueokdeplnsdy.jpg,kitchen
sun_atfpttqtzuliaaim.jpg,bathroom
sun_atgpcvhxgyoezzht.jpg,kitchen
sun_atgzwnczaxwddrai.jpg,kitchen
sun_atkzwhcuawuauxxx.jpg,bathroom
sun_atnitteqxzjhgjfy.jpg,bathroom
sun_attdviyipsljunts.jpg,kitchen
sun_aueoksosdjqlckgv.jpg,kitchen
sun_auetjleugthejgoc.jpg,bathroom
sun_aufbguyyrccwwxuf.jpg,kitchen
sun_augqzaedeyyzlqny.jpg,bathroom
sun_aunuadmjocsddsrl.jpg,bathroom
sun_auwldxtolpavypst.jpg,kitchen
sun_auyrvbsgjzcbllwy.jpg,kitchen
sun_avcxsdrrfbrkydcp.jpg,bathroom
sun_avktgzzhmpgvaxkk.jpg,bathroom
sun_avnmtylgpdxtehve.jpg,kitchen
sun_avsajiwmqfxawdbz.jpg,bathroom
sun_avtdeaxixgmwquck.jpg,kitchen
sun_awaeoxdssornxdzd.jpg,bathroom
sun_awhvlirgpcdffbsk.jpg,kitchen
sun_awjcipnjtpkdqhfw.jpg,bathroom
sun_awlmntruykfbsame.jpg,kitchen
sun_awmhkaergffvuksf.jpg,bathroom
sun_awmotvrngkanplxe.jpg,kitchen
sun_awnqiikzaispgmwo.jpg,bathroom
sun_awqncsdprzjtqkum.jpg,kitchen
sun_awusemdipqlufrmt.jpg,kitchen
sun_awvfnogmotsvhofs.jpg,bathroom
sun_awwembxtbzpnilay.jpg,kitchen
sun_awyjssnluvfxtfwf.jpg,bathroom
sun_axbqssteryzzlcop.jpg,bathroom
sun_axnnsaaqniecbwhm.jpg,bathroom
sun_axouwjxmvidopcvg.jpg,kitchen
sun_axuvsdqqnoevzlud.jpg,kitchen
sun_axvbhkthyolfaqez.jpg,bathroom
sun_aydtmlqdhvvmjvaq.jpg,bathroom
sun_aydxycepjgosoubm.jpg,kitchen
sun_ayfwodsvoatztibh.jpg,bathroom
sun_ayhqvuklxnmflgid.jpg,bathroom
sun_aykqizkgpgmqzxbh.jpg,bathroom
sun_ayqukzphzqiguvnc.jpg,kitchen
sun_aywpszwfywdmgrpv.jpg,bathroom
sun_azbjiqtpgvxjjuzr.jpg,bathroom
sun_azbzyzntqpgdoyyu.jpg,bathroom
sun_azckywjqzicxsgez.jpg,bathroom
sun_azdnupmzwdxwflvh.jpg,kitchen
sun_azfvmsmpvphupjpu.jpg,kitchen
sun_azgmgniivgpqrqvu.jpg,kitchen
sun_azkonpsbldzbkqim.jpg,bathroom
sun_azqlhsjgbwpcseew.jpg,bathroom
sun_azqyogdvyhahyram.jpg,bathroom
sun_azwwluglgwfhhwee.jpg,kitchen
sun_azxetkujrgobhzbi.jpg,kitchen
