ObjectName,Frequency
air vent,1
apron,1
armchair,1
ashtray,3
ax,1
baby chair,1
backpack,1
bag,7
bar,4
base,1
baseboard,11
basin,1
basket,45
basket crop,2
baskets,1
bathtub,61
bathtub crop,21
beam,2
bell,1
bench,1
bidet,5
bidet crop,1
blender,3
blind,18
blinder,1
blinds,2
board,14
book,9
bookcase,1
books,15
botijo,1
botlle,1
bottle,76
bottle crop,1
bottle rack,4
bottles,5
bottlr,1
bowl,68
bowls,6
box,42
bread,3
bread box,3
breadbasket,1
breadbin,1
brush,2
bucket,19
bucket crop,4
bulb,2
bulb crop,1
cabinet,209
cabinet crop,61
cabinets,21
cabubet,1
cage,1
cake,1
cake mold,1
calendar,2
camera,2
can,10
candle,11
candle holder,2
candleholder,8
cane,1
canister,9
cap,1
carpet,3
carpet crop,1
casse,1
casserole,5
ceiling,139
ceiling fan,3
ceiling recessed light,55
ceiling recessed light crop,4
ceiling spotlight,8
chair,61
chair crop,17
chairs crop,1
champagne bucket,1
chandelier,5
chandelier crop,2
cheese dish,1
chips,1
cistern crop,3
clock,13
cloth,2
coaster,3
coasters,1
cock,1
coffee cup,1
coffee cup crop,1
coffee maker,45
coffee pot,1
column,5
computer,1
containers,1
corkscrew,1
counter,5
countertop,80
countertop crop,1
crackers,1
crock,2
crockpot,1
cup,5
cups,1
curtain,69
curtain rod,4
curtains,1
cushion,2
cushion crop,1
cutlery,2
cutting board,8
dangler,1
decanter,2
decoration,3
desk,1
desk organizer,1
dish,5
dish drainer,1
dish rack,12
dish soap,1
dishcloth,26
dishes,1
dishwasher,65
dishwasher crop,4
dispenser,1
dog dish crop,1
dog feeder,1
doll,1
doo,1
door,80
door crop,23
door frame,13
double door,1
drain,2
drain pipe,1
drain plug,1
drapes,1
drawer,9
drawers,25
dress,1
dried herbs,1
egg,1
eggs,1
exhibitor,1
extractor hood,62
eyeglasses,1
fan,2
faucet,45
figure,2
figurine,14
fire extinguisher,1
flask,2
float,1
floor,252
flower,1
flowers,43
fluorescent tube,4
flush mount light,12
flush mount light crop,1
folder,1
food,12
food processor,6
football trophy,1
fork,1
fork crop,1
forks,2
frame,1
french bread,1
front,1
fruit,17
fruits,10
frying pan,8
garlic,1
gas cylinder,1
glass,40
glass crop,1
glasses,2
grater,1
grill,1
grille,5
gripper,2
ground,1
hair dryer,1
hairbrush,1
hairdryer,1
handle,4
handrail,3
hanger,1
heart,1
heater,3
heating,1
hinge,1
hose,1
hotpl,10
hotplate,1
house,1
ice bucket,1
ironing board,1
jar,45
jars,1
jug,1
kettle,33
kettle crop,1
kitchen,4
kitchen island,40
kitchen utensils,5
knife,8
knife  set,1
knife set,25
ladder,1
ladle,3
large rabbit,1
lemons,1
lid,2
light source,1
light switch,25
light switches,5
light troffer,11
lock,1
magazine,5
magnet,2
mantle,1
measuring spoons,1
microwave,77
microwave crop,2
mill,2
mirror,78
mirror crop,12
mitten,4
mixer,1
mobile,1
molding,3
mortar,1
mug,24
mug holder,1
music system,2
napkin,9
napkin holder,1
napkin rack,3
newspaper,2
notebook,1
nuts,1
oil jar,1
organizer,1
outet,1
outlet,119
oven,47
oven crop,1
oytlet,1
pan,2
paper,9
paper napkins,1
paper roll,10
paper towels,23
papers roll,1
peach,1
pendant lamp,39
pendant lamp crop,7
pepper,4
pepper shaker,3
peppers,1
pestle,1
picture,47
picture crop,2
pineapple,1
pinecone,1
pinecones,1
pipe,7
pipes,1
pitcher,22
place mat,2
place mat crop,1
placemat,1
plae,1
plant,50
plant pot,5
plantpot,29
plants,4
plate,37
plate crop,2
plate mat,1
plate rack,1
plates,8
plates rack,1
platter,2
plug,7
pot,54
pot hanger,1
pot holder,1
pot lid,1
pot of herbs,1
pot rack,1
pots,1
pressure washer,1
processing machine,1
pumpkin,1
purse,2
rabbit,1
rack,4
radiator,6
radiator crop,2
radio,2
railing,3
range,73
range crop,1
razor,1
refrigerator,82
refrigerator crop,5
ribbon,1
rock,1
rug,39
rug crop,2
salt,3
salt and pepper,2
saltcellar,2
saucepan,7
scales,7
sconce,20
sconce crop,1
sculpture,4
semi-flush mount light,7
shaker,1
shampoo,1
shaving brush,1
shelf,36
shelf crop,2
shell,4
shelves,21
shoe,1
shower,11
shower curtain,2
shower door,1
shower screen,28
shutter,2
side,1
side table,4
side table crop,1
sideboard,2
sign,4
sill,1
sink,228
sink crop,17
skimmer,2
skirting board,1
skylight,1
sliding door,1
small chair,1
soap,20
soap bottle,16
soap dish,22
soap dispenser,37
soaps,1
sofa,7
sofa crop,1
spatula,1
speaker,1
spice rack,3
spices,1
sponge,4
sponges,1
spoon,7
spoons,3
spray,1
stairs,1
stall shower,13
statue,2
step,12
stereo,1
stoo,1
stool,18
stool crop,2
stove,40
stove crop,3
strainer,1
sugar bowl,3
sweater,1
switch,19
table,39
table crop,14
table lamp,7
table runner,1
tap,2
taper,1
tapestry,1
teacup,4
teacup set,1
teapot,15
telephone,17
telephone crop,1
television,7
tin,1
tins,1
tissue box,22
tissue dispenser,1
toaster,28
toaster oven,3
toilet,69
toilet brush,2
toilet crop,20
toilet kit,1
toilet paper,40
toilet paper holder,4
toilet paper rolls,1
toolbox,1
tooth brush,1
toothbrush,3
toothpaste,1
towel,75
towel crop,3
towel dispenser,2
towel rack,12
towel radiator,1
towel rail,1
towel ring,8
towels,11
tower,1
toy,3
trash bag,1
trash can,16
trash can crop,2
tray,32
trays,2
tree,1
trees,1
trunk,1
tube,6
tureen,3
turtle,1
twizlers,1
umbrella,1
urn,2
utensils,2
utensils canister,13
vanity,1
vase,49
vase crop,1
vent,2
vinegar jar,1
wall,303
wall recessed light,1
wardrobe,3
washing machine,4
water cooler,1
water tank,1
water valve,1
watering can,1
whisk,1
window,129
window crop,10
windows,2
wine rack,1
wisk,1
wok,1
wood,1
wooden cutlery,1
wooden utensils,1
worktop,143
wreath,1
