ObjectName1,ObjectName2,CommonSubstring
air vent,chair crop,air 
air vent,hair dryer,air 
air vent,vent,vent
armchair,baby chair,chair
armchair,chair,chair
armchair,chair crop,chair
armchair,chairs crop,chair
armchair,hair dryer,hair
armchair,hairbrush,hair
armchair,hairdryer,hair
armchair,small chair,chair
ashtray,tray,tray
ashtray,trays,tray
baby chair,chair,chair
baby chair,chair crop,chair
baby chair,chairs crop,chair
baby chair,hair dryer,hair
baby chair,hairbrush,hair
baby chair,hairdryer,hair
baby chair,small chair, chair
base,baseboard,base
baseboard,board,board
baseboard,cutting board,board
baseboard,ironing board,board
baseboard,sideboard,eboard
baseboard,skirting board,board
basket,basket crop,basket
basket,baskets,basket
basket,breadbasket,basket
basket crop,baskets,basket
basket crop,bathtub crop, crop
basket crop,bidet crop,et crop
basket crop,bottle crop, crop
basket crop,breadbasket,basket
basket crop,bucket crop,ket crop
basket crop,bulb crop, crop
basket crop,cabinet crop,et crop
basket crop,carpet crop,et crop
basket crop,ceiling recessed light crop,t crop
basket crop,chair crop, crop
basket crop,chairs crop, crop
basket crop,chandelier crop, crop
basket crop,cistern crop, crop
basket crop,coffee cup crop, crop
basket crop,countertop crop, crop
basket crop,cushion crop, crop
basket crop,dishwasher crop, crop
basket crop,dog dish crop, crop
basket crop,door crop, crop
basket crop,flush mount light crop,t crop
basket crop,fork crop, crop
basket crop,glass crop, crop
basket crop,kettle crop, crop
basket crop,microwave crop, crop
basket crop,mirror crop, crop
basket crop,oven crop, crop
basket crop,pendant lamp crop, crop
basket crop,picture crop, crop
basket crop,place mat crop,t crop
basket crop,plate crop, crop
basket crop,radiator crop, crop
basket crop,range crop, crop
basket crop,refrigerator crop, crop
basket crop,rug crop, crop
basket crop,sconce crop, crop
basket crop,shelf crop, crop
basket crop,side table crop, crop
basket crop,sink crop, crop
basket crop,sofa crop, crop
basket crop,stool crop, crop
basket crop,stove crop, crop
basket crop,table crop, crop
basket crop,telephone crop, crop
basket crop,toilet crop,et crop
basket crop,towel crop, crop
basket crop,trash can crop, crop
basket crop,vase crop, crop
basket crop,window crop, crop
baskets,breadbasket,basket
bathtub,bathtub crop,bathtub
bathtub crop,bidet crop, crop
bathtub crop,bottle crop, crop
bathtub crop,bucket crop, crop
bathtub crop,bulb crop,b crop
bathtub crop,cabinet crop, crop
bathtub crop,carpet crop, crop
bathtub crop,ceiling recessed light crop, crop
bathtub crop,chair crop, crop
bathtub crop,chairs crop, crop
bathtub crop,chandelier crop, crop
bathtub crop,cistern crop, crop
bathtub crop,coffee cup crop, crop
bathtub crop,countertop crop, crop
bathtub crop,cushion crop, crop
bathtub crop,dishwasher crop, crop
bathtub crop,dog dish crop, crop
bathtub crop,door crop, crop
bathtub crop,flush mount light crop, crop
bathtub crop,fork crop, crop
bathtub crop,glass crop, crop
bathtub crop,kettle crop, crop
bathtub crop,microwave crop, crop
bathtub crop,mirror crop, crop
bathtub crop,oven crop, crop
bathtub crop,pendant lamp crop, crop
bathtub crop,picture crop, crop
bathtub crop,place mat crop, crop
bathtub crop,plate crop, crop
bathtub crop,radiator crop, crop
bathtub crop,range crop, crop
bathtub crop,refrigerator crop, crop
bathtub crop,rug crop, crop
bathtub crop,sconce crop, crop
bathtub crop,shelf crop, crop
bathtub crop,side table crop, crop
bathtub crop,sink crop, crop
bathtub crop,sofa crop, crop
bathtub crop,stool crop, crop
bathtub crop,stove crop, crop
bathtub crop,table crop, crop
bathtub crop,telephone crop, crop
bathtub crop,toilet crop, crop
bathtub crop,towel crop, crop
bathtub crop,trash can crop, crop
bathtub crop,vase crop, crop
bathtub crop,window crop, crop
bench,french bread,ench
bidet,bidet crop,bidet
bidet crop,bottle crop, crop
bidet crop,bucket crop,et crop
bidet crop,bulb crop, crop
bidet crop,cabinet crop,et crop
bidet crop,carpet crop,et crop
bidet crop,ceiling recessed light crop,t crop
bidet crop,chair crop, crop
bidet crop,chairs crop, crop
bidet crop,chandelier crop, crop
bidet crop,cistern crop, crop
bidet crop,coffee cup crop, crop
bidet crop,countertop crop, crop
bidet crop,cushion crop, crop
bidet crop,dishwasher crop, crop
bidet crop,dog dish crop, crop
bidet crop,door crop, crop
bidet crop,flush mount light crop,t crop
bidet crop,fork crop, crop
bidet crop,glass crop, crop
bidet crop,kettle crop, crop
bidet crop,microwave crop, crop
bidet crop,mirror crop, crop
bidet crop,oven crop, crop
bidet crop,pendant lamp crop, crop
bidet crop,picture crop, crop
bidet crop,place mat crop,t crop
bidet crop,plate crop, crop
bidet crop,radiator crop, crop
bidet crop,range crop, crop
bidet crop,refrigerator crop, crop
bidet crop,rug crop, crop
bidet crop,sconce crop, crop
bidet crop,shelf crop, crop
bidet crop,side table crop, crop
bidet crop,sink crop, crop
bidet crop,sofa crop, crop
bidet crop,stool crop, crop
bidet crop,stove crop, crop
bidet crop,table crop, crop
bidet crop,telephone crop, crop
bidet crop,toilet crop,et crop
bidet crop,towel crop, crop
bidet crop,trash can crop, crop
bidet crop,vase crop, crop
bidet crop,window crop, crop
blender,blinder,nder
blender,calendar,lend
blender,gas cylinder,nder
blind,blinder,blind
blind,blinds,blind
blind,gas cylinder,lind
blinder,blinds,blind
blinder,gas cylinder,linder
blinds,gas cylinder,lind
board,cutting board,board
board,ironing board,board
board,sideboard,board
board,skirting board,board
book,bookcase,book
book,books,book
book,notebook,book
bookcase,books,book
bookcase,notebook,book
books,notebook,book
bottle,bottle crop,bottle
bottle,bottle rack,bottle
bottle,bottles,bottle
bottle,bottlr,bottl
bottle,kettle,ttle
bottle,kettle crop,ttle
bottle,soap bottle,bottle
bottle crop,bottle rack,bottle 
bottle crop,bottles,bottle
bottle crop,bottlr,bottl
bottle crop,bucket crop, crop
bottle crop,bulb crop, crop
bottle crop,cabinet crop, crop
bottle crop,carpet crop, crop
bottle crop,ceiling recessed light crop, crop
bottle crop,chair crop, crop
bottle crop,chairs crop, crop
bottle crop,chandelier crop, crop
bottle crop,cistern crop, crop
bottle crop,coffee cup crop, crop
bottle crop,countertop crop, crop
bottle crop,cushion crop, crop
bottle crop,dishwasher crop, crop
bottle crop,dog dish crop, crop
bottle crop,door crop, crop
bottle crop,flush mount light crop, crop
bottle crop,fork crop, crop
bottle crop,glass crop, crop
bottle crop,kettle,ttle
bottle crop,kettle crop,ttle crop
bottle crop,microwave crop,e crop
bottle crop,mirror crop, crop
bottle crop,oven crop, crop
bottle crop,pendant lamp crop, crop
bottle crop,picture crop,e crop
bottle crop,place mat crop, crop
bottle crop,plate crop,e crop
bottle crop,radiator crop, crop
bottle crop,range crop,e crop
bottle crop,refrigerator crop, crop
bottle crop,rug crop, crop
bottle crop,sconce crop,e crop
bottle crop,shelf crop, crop
bottle crop,side table crop,le crop
bottle crop,sink crop, crop
bottle crop,soap bottle,bottle
bottle crop,sofa crop, crop
bottle crop,stool crop, crop
bottle crop,stove crop,e crop
bottle crop,table crop,le crop
bottle crop,telephone crop,e crop
bottle crop,toilet crop, crop
bottle crop,towel crop, crop
bottle crop,trash can crop, crop
bottle crop,vase crop,e crop
bottle crop,window crop, crop
bottle rack,bottles,bottle
bottle rack,bottlr,bottl
bottle rack,crackers,rack
bottle rack,dish rack, rack
bottle rack,kettle,ttle
bottle rack,kettle crop,ttle 
bottle rack,large rabbit,e ra
bottle rack,napkin rack, rack
bottle rack,plate rack,e rack
bottle rack,plates rack, rack
bottle rack,pot rack, rack
bottle rack,rack,rack
bottle rack,soap bottle,bottle
bottle rack,spice rack,e rack
bottle rack,table runner,le r
bottle rack,towel rack, rack
bottle rack,wine rack,e rack
bottles,bottlr,bottl
bottles,kettle,ttle
bottles,kettle crop,ttle
bottles,soap bottle,bottle
bottlr,soap bottle,bottl
bowl,bowls,bowl
bowl,sugar bowl,bowl
bowls,sugar bowl,bowl
bread,bread box,bread
bread,breadbasket,bread
bread,breadbin,bread
bread,french bread,bread
bread box,breadbasket,bread
bread box,breadbin,bread
bread box,french bread,bread
bread box,tissue box, box
breadbasket,breadbin,breadb
breadbasket,french bread,bread
breadbin,french bread,bread
brush,hairbrush,brush
brush,shaving brush,brush
brush,toilet brush,brush
brush,tooth brush,brush
brush,toothbrush,brush
bucket,bucket crop,bucket
bucket,champagne bucket,bucket
bucket,ice bucket,bucket
bucket crop,bulb crop, crop
bucket crop,cabinet crop,et crop
bucket crop,carpet crop,et crop
bucket crop,ceiling recessed light crop,t crop
bucket crop,chair crop, crop
bucket crop,chairs crop, crop
bucket crop,champagne bucket,bucket
bucket crop,chandelier crop, crop
bucket crop,cistern crop, crop
bucket crop,coffee cup crop, crop
bucket crop,countertop crop, crop
bucket crop,cushion crop, crop
bucket crop,dishwasher crop, crop
bucket crop,dog dish crop, crop
bucket crop,door crop, crop
bucket crop,flush mount light crop,t crop
bucket crop,fork crop, crop
bucket crop,glass crop, crop
bucket crop,ice bucket,bucket
bucket crop,kettle crop, crop
bucket crop,microwave crop, crop
bucket crop,mirror crop, crop
bucket crop,oven crop, crop
bucket crop,pendant lamp crop, crop
bucket crop,picture crop, crop
bucket crop,place mat crop,t crop
bucket crop,plate crop, crop
bucket crop,radiator crop, crop
bucket crop,range crop, crop
bucket crop,refrigerator crop, crop
bucket crop,rug crop, crop
bucket crop,sconce crop, crop
bucket crop,shelf crop, crop
bucket crop,side table crop, crop
bucket crop,sink crop, crop
bucket crop,sofa crop, crop
bucket crop,stool crop, crop
bucket crop,stove crop, crop
bucket crop,table crop, crop
bucket crop,telephone crop, crop
bucket crop,toilet crop,et crop
bucket crop,towel crop, crop
bucket crop,trash can crop, crop
bucket crop,vase crop, crop
bucket crop,window crop, crop
bulb,bulb crop,bulb
bulb crop,cabinet crop, crop
bulb crop,carpet crop, crop
bulb crop,ceiling recessed light crop, crop
bulb crop,chair crop, crop
bulb crop,chairs crop, crop
bulb crop,chandelier crop, crop
bulb crop,cistern crop, crop
bulb crop,coffee cup crop, crop
bulb crop,countertop crop, crop
bulb crop,cushion crop, crop
bulb crop,dishwasher crop, crop
bulb crop,dog dish crop, crop
bulb crop,door crop, crop
bulb crop,flush mount light crop, crop
bulb crop,fork crop, crop
bulb crop,glass crop, crop
bulb crop,kettle crop, crop
bulb crop,microwave crop, crop
bulb crop,mirror crop, crop
bulb crop,oven crop, crop
bulb crop,pendant lamp crop, crop
bulb crop,picture crop, crop
bulb crop,place mat crop, crop
bulb crop,plate crop, crop
bulb crop,radiator crop, crop
bulb crop,range crop, crop
bulb crop,refrigerator crop, crop
bulb crop,rug crop, crop
bulb crop,sconce crop, crop
bulb crop,shelf crop, crop
bulb crop,side table crop, crop
bulb crop,sink crop, crop
bulb crop,sofa crop, crop
bulb crop,stool crop, crop
bulb crop,stove crop, crop
bulb crop,table crop, crop
bulb crop,telephone crop, crop
bulb crop,toilet crop, crop
bulb crop,towel crop, crop
bulb crop,trash can crop, crop
bulb crop,vase crop, crop
bulb crop,window crop, crop
cabinet,cabinet crop,cabinet
cabinet,cabinets,cabinet
cabinet crop,cabinets,cabinet
cabinet crop,carpet crop,et crop
cabinet crop,ceiling recessed light crop,t crop
cabinet crop,chair crop, crop
cabinet crop,chairs crop, crop
cabinet crop,chandelier crop, crop
cabinet crop,cistern crop, crop
cabinet crop,coffee cup crop, crop
cabinet crop,countertop crop, crop
cabinet crop,cushion crop, crop
cabinet crop,dishwasher crop, crop
cabinet crop,dog dish crop, crop
cabinet crop,door crop, crop
cabinet crop,flush mount light crop,t crop
cabinet crop,fork crop, crop
cabinet crop,glass crop, crop
cabinet crop,kettle crop, crop
cabinet crop,microwave crop, crop
cabinet crop,mirror crop, crop
cabinet crop,oven crop, crop
cabinet crop,pendant lamp crop, crop
cabinet crop,picture crop, crop
cabinet crop,place mat crop,t crop
cabinet crop,plate crop, crop
cabinet crop,radiator crop, crop
cabinet crop,range crop, crop
cabinet crop,refrigerator crop, crop
cabinet crop,rug crop, crop
cabinet crop,sconce crop, crop
cabinet crop,shelf crop, crop
cabinet crop,side table crop, crop
cabinet crop,sink crop, crop
cabinet crop,sofa crop, crop
cabinet crop,stool crop, crop
cabinet crop,stove crop, crop
cabinet crop,table crop, crop
cabinet crop,telephone crop, crop
cabinet crop,toilet crop,et crop
cabinet crop,towel crop, crop
cabinet crop,trash can crop, crop
cabinet crop,vase crop, crop
cabinet crop,window crop, crop
cake,cake mold,cake
cake mold,molding,mold
calendar,pendant lamp,enda
calendar,pendant lamp crop,enda
calendar,scales,cale
candle,candle holder,candle
candle,candleholder,candle
candle,handle,andle
candle holder,candleholder,candle
candle holder,folder,older
candle holder,handle,andle
candle holder,mug holder, holder
candle holder,napkin holder, holder
candle holder,pot holder, holder
candle holder,toilet paper holder, holder
candleholder,folder,older
candleholder,handle,andle
candleholder,mug holder,holder
candleholder,napkin holder,holder
candleholder,pot holder,holder
candleholder,toilet paper holder,holder
canister,cistern crop,ister
canister,coaster,ster
canister,coasters,ster
canister,stereo,ster
canister,toaster,ster
canister,toaster oven,ster
canister,utensils canister,canister
carpet,carpet crop,carpet
carpet crop,ceiling recessed light crop,t crop
carpet crop,chair crop, crop
carpet crop,chairs crop, crop
carpet crop,chandelier crop, crop
carpet crop,cistern crop, crop
carpet crop,coffee cup crop, crop
carpet crop,countertop crop, crop
carpet crop,cushion crop, crop
carpet crop,dishwasher crop, crop
carpet crop,dog dish crop, crop
carpet crop,door crop, crop
carpet crop,flush mount light crop,t crop
carpet crop,fork crop, crop
carpet crop,glass crop, crop
carpet crop,kettle crop, crop
carpet crop,microwave crop, crop
carpet crop,mirror crop, crop
carpet crop,oven crop, crop
carpet crop,pendant lamp crop, crop
carpet crop,picture crop, crop
carpet crop,place mat crop,t crop
carpet crop,plate crop, crop
carpet crop,radiator crop, crop
carpet crop,range crop, crop
carpet crop,refrigerator crop, crop
carpet crop,rug crop, crop
carpet crop,sconce crop, crop
carpet crop,shelf crop, crop
carpet crop,side table crop, crop
carpet crop,sink crop, crop
carpet crop,sofa crop, crop
carpet crop,stool crop, crop
carpet crop,stove crop, crop
carpet crop,table crop, crop
carpet crop,telephone crop, crop
carpet crop,toilet crop,et crop
carpet crop,towel crop, crop
carpet crop,trash can crop, crop
carpet crop,vase crop, crop
carpet crop,window crop, crop
casse,casserole,casse
casse,eyeglasses,asse
casse,glasses,asse
casserole,eyeglasses,asse
casserole,glasses,asse
ceiling,ceiling fan,ceiling
ceiling,ceiling recessed light,ceiling
ceiling,ceiling recessed light crop,ceiling
ceiling,ceiling spotlight,ceiling
ceiling,railing,iling
ceiling fan,ceiling recessed light,ceiling 
ceiling fan,ceiling recessed light crop,ceiling 
ceiling fan,ceiling spotlight,ceiling 
ceiling fan,cutting board,ing 
ceiling fan,frying pan,ing 
ceiling fan,ironing board,ing 
ceiling fan,measuring spoons,ing 
ceiling fan,processing machine,ing 
ceiling fan,railing,iling
ceiling fan,shaving brush,ing 
ceiling fan,skirting board,ing 
ceiling fan,sliding door,ing 
ceiling fan,washing machine,ing 
ceiling fan,watering can,ing 
ceiling recessed light,ceiling recessed light crop,ceiling recessed light
ceiling recessed light,ceiling spotlight,ceiling 
ceiling recessed light,cutting board,ing 
ceiling recessed light,flush mount light, light
ceiling recessed light,flush mount light crop, light
ceiling recessed light,food processor,cess
ceiling recessed light,frying pan,ing 
ceiling recessed light,ironing board,ing 
ceiling recessed light,light source,light
ceiling recessed light,light switch,light
ceiling recessed light,light switches,light
ceiling recessed light,light troffer,light
ceiling recessed light,measuring spoons,ing 
ceiling recessed light,processing machine,ing 
ceiling recessed light,railing,iling
ceiling recessed light,semi-flush mount light, light
ceiling recessed light,shaving brush,ing 
ceiling recessed light,skirting board,ing 
ceiling recessed light,skylight,light
ceiling recessed light,sliding door,ing 
ceiling recessed light,wall recessed light, recessed light
ceiling recessed light,washing machine,ing 
ceiling recessed light,watering can,ing 
ceiling recessed light crop,ceiling spotlight,ceiling 
ceiling recessed light crop,chair crop, crop
ceiling recessed light crop,chairs crop, crop
ceiling recessed light crop,chandelier crop, crop
ceiling recessed light crop,cistern crop, crop
ceiling recessed light crop,coffee cup crop, crop
ceiling recessed light crop,countertop crop, crop
ceiling recessed light crop,cushion crop, crop
ceiling recessed light crop,cutting board,ing 
ceiling recessed light crop,dishwasher crop, crop
ceiling recessed light crop,dog dish crop, crop
ceiling recessed light crop,door crop, crop
ceiling recessed light crop,flush mount light, light
ceiling recessed light crop,flush mount light crop, light crop
ceiling recessed light crop,food processor,cess
ceiling recessed light crop,fork crop, crop
ceiling recessed light crop,frying pan,ing 
ceiling recessed light crop,glass crop, crop
ceiling recessed light crop,ironing board,ing 
ceiling recessed light crop,kettle crop, crop
ceiling recessed light crop,light source,light 
ceiling recessed light crop,light switch,light 
ceiling recessed light crop,light switches,light 
ceiling recessed light crop,light troffer,light 
ceiling recessed light crop,measuring spoons,ing 
ceiling recessed light crop,microwave crop, crop
ceiling recessed light crop,mirror crop, crop
ceiling recessed light crop,oven crop, crop
ceiling recessed light crop,pendant lamp crop, crop
ceiling recessed light crop,picture crop, crop
ceiling recessed light crop,place mat crop,t crop
ceiling recessed light crop,plate crop, crop
ceiling recessed light crop,processing machine,ing 
ceiling recessed light crop,radiator crop, crop
ceiling recessed light crop,railing,iling
ceiling recessed light crop,range crop, crop
ceiling recessed light crop,refrigerator crop, crop
ceiling recessed light crop,rug crop, crop
ceiling recessed light crop,sconce crop, crop
ceiling recessed light crop,semi-flush mount light, light
ceiling recessed light crop,shaving brush,ing 
ceiling recessed light crop,shelf crop, crop
ceiling recessed light crop,side table crop, crop
ceiling recessed light crop,sink crop, crop
ceiling recessed light crop,skirting board,ing 
ceiling recessed light crop,skylight,light
ceiling recessed light crop,sliding door,ing 
ceiling recessed light crop,sofa crop, crop
ceiling recessed light crop,stool crop, crop
ceiling recessed light crop,stove crop, crop
ceiling recessed light crop,table crop, crop
ceiling recessed light crop,telephone crop, crop
ceiling recessed light crop,toilet crop,t crop
ceiling recessed light crop,towel crop, crop
ceiling recessed light crop,trash can crop, crop
ceiling recessed light crop,vase crop, crop
ceiling recessed light crop,wall recessed light, recessed light
ceiling recessed light crop,washing machine,ing 
ceiling recessed light crop,watering can,ing 
ceiling recessed light crop,window crop, crop
ceiling spotlight,cutting board,ing 
ceiling spotlight,flush mount light,light
ceiling spotlight,flush mount light crop,light
ceiling spotlight,frying pan,ing 
ceiling spotlight,ironing board,ing 
ceiling spotlight,light source,light
ceiling spotlight,light switch,light
ceiling spotlight,light switches,light
ceiling spotlight,light troffer,light
ceiling spotlight,measuring spoons,ing spo
ceiling spotlight,processing machine,ing 
ceiling spotlight,railing,iling
ceiling spotlight,semi-flush mount light,light
ceiling spotlight,shaving brush,ing 
ceiling spotlight,skirting board,ing 
ceiling spotlight,skylight,light
ceiling spotlight,sliding door,ing 
ceiling spotlight,wall recessed light,light
ceiling spotlight,washing machine,ing 
ceiling spotlight,watering can,ing 
chair,chair crop,chair
chair,chairs crop,chair
chair,hair dryer,hair
chair,hairbrush,hair
chair,hairdryer,hair
chair,small chair,chair
chair crop,chairs crop,chair
chair crop,chandelier crop,r crop
chair crop,cistern crop, crop
chair crop,coffee cup crop, crop
chair crop,countertop crop, crop
chair crop,cushion crop, crop
chair crop,dishwasher crop,r crop
chair crop,dog dish crop, crop
chair crop,door crop,r crop
chair crop,flush mount light crop, crop
chair crop,fork crop, crop
chair crop,glass crop, crop
chair crop,hair dryer,hair 
chair crop,hairbrush,hair
chair crop,hairdryer,hair
chair crop,kettle crop, crop
chair crop,microwave crop, crop
chair crop,mirror crop,r crop
chair crop,oven crop, crop
chair crop,pendant lamp crop, crop
chair crop,picture crop, crop
chair crop,place mat crop, crop
chair crop,plate crop, crop
chair crop,radiator crop,r crop
chair crop,range crop, crop
chair crop,refrigerator crop,r crop
chair crop,rug crop, crop
chair crop,sconce crop, crop
chair crop,shelf crop, crop
chair crop,side table crop, crop
chair crop,sink crop, crop
chair crop,small chair,chair
chair crop,sofa crop, crop
chair crop,stool crop, crop
chair crop,stove crop, crop
chair crop,table crop, crop
chair crop,telephone crop, crop
chair crop,toilet crop, crop
chair crop,towel crop, crop
chair crop,trash can crop, crop
chair crop,vase crop, crop
chair crop,window crop, crop
chairs crop,chandelier crop, crop
chairs crop,cistern crop, crop
chairs crop,coffee cup crop, crop
chairs crop,countertop crop, crop
chairs crop,cushion crop, crop
chairs crop,dishwasher crop, crop
chairs crop,dog dish crop, crop
chairs crop,door crop, crop
chairs crop,flush mount light crop, crop
chairs crop,fork crop, crop
chairs crop,glass crop,s crop
chairs crop,hair dryer,hair
chairs crop,hairbrush,hair
chairs crop,hairdryer,hair
chairs crop,kettle crop, crop
chairs crop,microwave crop, crop
chairs crop,mirror crop, crop
chairs crop,oven crop, crop
chairs crop,pendant lamp crop, crop
chairs crop,picture crop, crop
chairs crop,place mat crop, crop
chairs crop,plate crop, crop
chairs crop,radiator crop, crop
chairs crop,range crop, crop
chairs crop,refrigerator crop, crop
chairs crop,rug crop, crop
chairs crop,sconce crop, crop
chairs crop,shelf crop, crop
chairs crop,side table crop, crop
chairs crop,sink crop, crop
chairs crop,small chair,chair
chairs crop,sofa crop, crop
chairs crop,stairs,airs
chairs crop,stool crop, crop
chairs crop,stove crop, crop
chairs crop,table crop, crop
chairs crop,telephone crop, crop
chairs crop,toilet crop, crop
chairs crop,towel crop, crop
chairs crop,trash can crop, crop
chairs crop,vase crop, crop
chairs crop,window crop, crop
champagne bucket,ice bucket,e bucket
champagne bucket,magnet,agne
champagne bucket,shampoo,hamp
chandelier,chandelier crop,chandelier
chandelier,handle,hand
chandelier,handrail,hand
chandelier crop,cistern crop, crop
chandelier crop,coffee cup crop, crop
chandelier crop,countertop crop, crop
chandelier crop,cushion crop, crop
chandelier crop,dishwasher crop,er crop
chandelier crop,dog dish crop, crop
chandelier crop,door crop,r crop
chandelier crop,flush mount light crop, crop
chandelier crop,fork crop, crop
chandelier crop,glass crop, crop
chandelier crop,handle,hand
chandelier crop,handrail,hand
chandelier crop,kettle crop, crop
chandelier crop,microwave crop, crop
chandelier crop,mirror crop,r crop
chandelier crop,oven crop, crop
chandelier crop,pendant lamp crop, crop
chandelier crop,picture crop, crop
chandelier crop,place mat crop, crop
chandelier crop,plate crop, crop
chandelier crop,radiator crop,r crop
chandelier crop,range crop, crop
chandelier crop,refrigerator crop,r crop
chandelier crop,rug crop, crop
chandelier crop,sconce crop, crop
chandelier crop,shelf crop, crop
chandelier crop,shower curtain,er c
chandelier crop,side table crop, crop
chandelier crop,sink crop, crop
chandelier crop,sofa crop, crop
chandelier crop,stool crop, crop
chandelier crop,stove crop, crop
chandelier crop,table crop, crop
chandelier crop,telephone crop, crop
chandelier crop,toilet crop, crop
chandelier crop,towel crop, crop
chandelier crop,trash can crop, crop
chandelier crop,vase crop, crop
chandelier crop,water cooler,er c
chandelier crop,window crop, crop
cheese dish,dish,dish
cheese dish,dish drainer,dish
cheese dish,dish rack,dish
cheese dish,dish soap,dish
cheese dish,dishcloth,dish
cheese dish,dishes,dish
cheese dish,dishwasher,dish
cheese dish,dishwasher crop,dish
cheese dish,dog dish crop, dish
cheese dish,soap dish, dish
cheese dish,soap dispenser, dis
cheese dish,tissue dispenser,e dis
cheese dish,towel dispenser, dis
cistern crop,coaster,ster
cistern crop,coasters,ster
cistern crop,coffee cup crop, crop
cistern crop,countertop crop, crop
cistern crop,cushion crop,n crop
cistern crop,dishwasher crop, crop
cistern crop,dog dish crop, crop
cistern crop,door crop, crop
cistern crop,flush mount light crop, crop
cistern crop,fork crop, crop
cistern crop,glass crop, crop
cistern crop,kettle crop, crop
cistern crop,microwave crop, crop
cistern crop,mirror crop, crop
cistern crop,oven crop,n crop
cistern crop,pendant lamp crop, crop
cistern crop,picture crop, crop
cistern crop,place mat crop, crop
cistern crop,plate crop, crop
cistern crop,radiator crop, crop
cistern crop,range crop, crop
cistern crop,refrigerator crop, crop
cistern crop,rug crop, crop
cistern crop,sconce crop, crop
cistern crop,shelf crop, crop
cistern crop,side table crop, crop
cistern crop,sink crop, crop
cistern crop,sofa crop, crop
cistern crop,stereo,ster
cistern crop,stool crop, crop
cistern crop,stove crop, crop
cistern crop,table crop, crop
cistern crop,telephone crop, crop
cistern crop,toaster,ster
cistern crop,toaster oven,ster
cistern crop,toilet crop, crop
cistern crop,towel crop, crop
cistern crop,trash can crop,n crop
cistern crop,utensils canister,ister
cistern crop,vase crop, crop
cistern crop,window crop, crop
clock,lock,lock
cloth,dishcloth,cloth
coaster,coasters,coaster
coaster,stereo,ster
coaster,toaster,oaster
coaster,toaster oven,oaster
coaster,toothpaste,aste
coaster,utensils canister,ster
coasters,stereo,ster
coasters,toaster,oaster
coasters,toaster oven,oaster
coasters,toothpaste,aste
coasters,utensils canister,ster
coffee cup,coffee cup crop,coffee cup
coffee cup,coffee maker,coffee 
coffee cup,coffee pot,coffee 
coffee cup,light troffer,offe
coffee cup crop,coffee maker,coffee 
coffee cup crop,coffee pot,coffee 
coffee cup crop,countertop crop,p crop
coffee cup crop,cushion crop, crop
coffee cup crop,dishwasher crop, crop
coffee cup crop,dog dish crop, crop
coffee cup crop,door crop, crop
coffee cup crop,flush mount light crop, crop
coffee cup crop,fork crop, crop
coffee cup crop,glass crop, crop
coffee cup crop,kettle crop, crop
coffee cup crop,light troffer,offe
coffee cup crop,microwave crop, crop
coffee cup crop,mirror crop, crop
coffee cup crop,oven crop, crop
coffee cup crop,pendant lamp crop,p crop
coffee cup crop,picture crop, crop
coffee cup crop,place mat crop, crop
coffee cup crop,plate crop, crop
coffee cup crop,radiator crop, crop
coffee cup crop,range crop, crop
coffee cup crop,refrigerator crop, crop
coffee cup crop,rug crop, crop
coffee cup crop,sconce crop, crop
coffee cup crop,shelf crop, crop
coffee cup crop,side table crop, crop
coffee cup crop,sink crop, crop
coffee cup crop,sofa crop, crop
coffee cup crop,stool crop, crop
coffee cup crop,stove crop, crop
coffee cup crop,table crop, crop
coffee cup crop,teacup set,cup 
coffee cup crop,telephone crop, crop
coffee cup crop,toilet crop, crop
coffee cup crop,towel crop, crop
coffee cup crop,trash can crop, crop
coffee cup crop,vase crop, crop
coffee cup crop,window crop, crop
coffee maker,coffee pot,coffee 
coffee maker,light troffer,offe
coffee maker,pepper shaker,aker
coffee maker,place mat,e ma
coffee maker,place mat crop,e ma
coffee maker,plate mat,e ma
coffee maker,shaker,aker
coffee maker,speaker,aker
coffee pot,light troffer,offe
coffee pot,plant pot, pot
containers,curtain,tain
containers,curtain rod,tain
containers,curtains,tain
containers,dish drainer,ainer
containers,shower curtain,tain
containers,strainer,ainer
corkscrew,forks,orks
corkscrew,shower screen,scre
counter,countertop,counter
counter,countertop crop,counter
counter,decanter,nter
counter,flush mount light,ount
counter,flush mount light crop,ount
counter,semi-flush mount light,ount
countertop,countertop crop,countertop
countertop,decanter,nter
countertop,flush mount light,ount
countertop,flush mount light crop,ount
countertop,semi-flush mount light,ount
countertop crop,cushion crop, crop
countertop crop,decanter,nter
countertop crop,dishwasher crop, crop
countertop crop,dog dish crop, crop
countertop crop,door crop, crop
countertop crop,flush mount light,ount
countertop crop,flush mount light crop, crop
countertop crop,fork crop, crop
countertop crop,glass crop, crop
countertop crop,kettle crop, crop
countertop crop,microwave crop, crop
countertop crop,mirror crop, crop
countertop crop,oven crop, crop
countertop crop,pendant lamp crop,p crop
countertop crop,picture crop, crop
countertop crop,place mat crop, crop
countertop crop,plate crop, crop
countertop crop,radiator crop, crop
countertop crop,range crop, crop
countertop crop,refrigerator crop, crop
countertop crop,rug crop, crop
countertop crop,sconce crop, crop
countertop crop,semi-flush mount light,ount
countertop crop,shelf crop, crop
countertop crop,side table crop, crop
countertop crop,sink crop, crop
countertop crop,sofa crop, crop
countertop crop,stool crop, crop
countertop crop,stove crop, crop
countertop crop,table crop, crop
countertop crop,telephone crop, crop
countertop crop,toilet crop, crop
countertop crop,towel crop, crop
countertop crop,trash can crop, crop
countertop crop,vase crop, crop
countertop crop,window crop, crop
crackers,dish rack,rack
crackers,napkin rack,rack
crackers,plate rack,rack
crackers,plates rack,rack
crackers,pot rack,rack
crackers,rack,rack
crackers,spice rack,rack
crackers,towel rack,rack
crackers,wine rack,rack
crock,crockpot,crock
crock,rock,rock
crockpot,rock,rock
curtain,curtain rod,curtain
curtain,curtains,curtain
curtain,shower curtain,curtain
curtain rod,curtains,curtain
curtain rod,drain pipe,ain 
curtain rod,drain plug,ain 
curtain rod,napkin rack,in r
curtain rod,shower curtain,curtain
curtains,shower curtain,curtain
cushion,cushion crop,cushion
cushion crop,dishwasher crop, crop
cushion crop,dog dish crop, crop
cushion crop,door crop, crop
cushion crop,flush mount light crop, crop
cushion crop,fork crop, crop
cushion crop,glass crop, crop
cushion crop,kettle crop, crop
cushion crop,microwave crop, crop
cushion crop,mirror crop, crop
cushion crop,oven crop,n crop
cushion crop,pendant lamp crop, crop
cushion crop,picture crop, crop
cushion crop,place mat crop, crop
cushion crop,plate crop, crop
cushion crop,radiator crop, crop
cushion crop,range crop, crop
cushion crop,refrigerator crop, crop
cushion crop,rug crop, crop
cushion crop,sconce crop, crop
cushion crop,shelf crop, crop
cushion crop,side table crop, crop
cushion crop,sink crop, crop
cushion crop,sofa crop, crop
cushion crop,stool crop, crop
cushion crop,stove crop, crop
cushion crop,table crop, crop
cushion crop,telephone crop, crop
cushion crop,toilet crop, crop
cushion crop,towel crop, crop
cushion crop,trash can crop,n crop
cushion crop,vase crop, crop
cushion crop,window crop, crop
cutlery,outlet,utle
cutlery,wooden cutlery,cutlery
cutting board,fire extinguisher,ting
cutting board,frying pan,ing 
cutting board,heating,ting
cutting board,ironing board,ing board
cutting board,measuring spoons,ing 
cutting board,processing machine,ing 
cutting board,shaving brush,ing b
cutting board,sideboard,board
cutting board,skirting board,ting board
cutting board,sliding door,ing 
cutting board,washing machine,ing 
cutting board,watering can,ing 
desk,desk organizer,desk
desk organizer,organizer,organizer
dish,dish drainer,dish
dish,dish rack,dish
dish,dish soap,dish
dish,dishcloth,dish
dish,dishes,dish
dish,dishwasher,dish
dish,dishwasher crop,dish
dish,dog dish crop,dish
dish,soap dish,dish
dish drainer,dish rack,dish 
dish drainer,dish soap,dish 
dish drainer,dishcloth,dish
dish drainer,dishes,dish
dish drainer,dishwasher,dish
dish drainer,dishwasher crop,dish
dish drainer,dog dish crop,dish 
dish drainer,drain,drain
dish drainer,drain pipe,drain
dish drainer,drain plug,drain
dish drainer,handrail,drai
dish drainer,soap dish,dish
dish drainer,strainer,rainer
dish rack,dish soap,dish 
dish rack,dishcloth,dish
dish rack,dishes,dish
dish rack,dishwasher,dish
dish rack,dishwasher crop,dish
dish rack,dog dish crop,dish 
dish rack,napkin rack, rack
dish rack,plate rack, rack
dish rack,plates rack, rack
dish rack,pot rack, rack
dish rack,rack,rack
dish rack,soap dish,dish
dish rack,spice rack, rack
dish rack,towel rack, rack
dish rack,wine rack, rack
dish soap,dishcloth,dish
dish soap,dishes,dish
dish soap,dishwasher,dish
dish soap,dishwasher crop,dish
dish soap,dog dish crop,dish 
dish soap,soap,soap
dish soap,soap bottle,soap
dish soap,soap dish,dish
dish soap,soap dispenser,soap
dish soap,soaps,soap
dishcloth,dishes,dish
dishcloth,dishwasher,dish
dishcloth,dishwasher crop,dish
dishcloth,dog dish crop,dish
dishcloth,soap dish,dish
dishes,dishwasher,dish
dishes,dishwasher crop,dish
dishes,dog dish crop,dish
dishes,fire extinguisher,ishe
dishes,soap dish,dish
dishwasher,dishwasher crop,dishwasher
dishwasher,dog dish crop,dish
dishwasher,fire extinguisher,sher
dishwasher,pressure washer,washer
dishwasher,soap dish,dish
dishwasher,washing machine,wash
dishwasher crop,dog dish crop, crop
dishwasher crop,door crop,r crop
dishwasher crop,fire extinguisher,sher
dishwasher crop,flush mount light crop, crop
dishwasher crop,fork crop, crop
dishwasher crop,glass crop, crop
dishwasher crop,kettle crop, crop
dishwasher crop,microwave crop, crop
dishwasher crop,mirror crop,r crop
dishwasher crop,oven crop, crop
dishwasher crop,pendant lamp crop, crop
dishwasher crop,picture crop, crop
dishwasher crop,place mat crop, crop
dishwasher crop,plate crop, crop
dishwasher crop,pressure washer,washer
dishwasher crop,radiator crop,r crop
dishwasher crop,range crop, crop
dishwasher crop,refrigerator crop,r crop
dishwasher crop,rug crop, crop
dishwasher crop,sconce crop, crop
dishwasher crop,shelf crop, crop
dishwasher crop,shower curtain,er c
dishwasher crop,side table crop, crop
dishwasher crop,sink crop, crop
dishwasher crop,soap dish,dish
dishwasher crop,sofa crop, crop
dishwasher crop,stool crop, crop
dishwasher crop,stove crop, crop
dishwasher crop,table crop, crop
dishwasher crop,telephone crop, crop
dishwasher crop,toilet crop, crop
dishwasher crop,towel crop, crop
dishwasher crop,trash can crop, crop
dishwasher crop,vase crop, crop
dishwasher crop,washing machine,wash
dishwasher crop,water cooler,er c
dishwasher crop,window crop, crop
dispenser,soap dispenser,dispenser
dispenser,tissue dispenser,dispenser
dispenser,towel dispenser,dispenser
dog dish crop,dog feeder,dog 
dog dish crop,door crop, crop
dog dish crop,flush mount light crop, crop
dog dish crop,fork crop, crop
dog dish crop,glass crop, crop
dog dish crop,kettle crop, crop
dog dish crop,microwave crop, crop
dog dish crop,mirror crop, crop
dog dish crop,oven crop, crop
dog dish crop,pendant lamp crop, crop
dog dish crop,picture crop, crop
dog dish crop,place mat crop, crop
dog dish crop,plate crop, crop
dog dish crop,radiator crop, crop
dog dish crop,range crop, crop
dog dish crop,refrigerator crop, crop
dog dish crop,rug crop, crop
dog dish crop,sconce crop, crop
dog dish crop,shelf crop, crop
dog dish crop,side table crop, crop
dog dish crop,sink crop, crop
dog dish crop,soap dish, dish
dog dish crop,soap dispenser, dis
dog dish crop,sofa crop, crop
dog dish crop,stool crop, crop
dog dish crop,stove crop, crop
dog dish crop,table crop, crop
dog dish crop,telephone crop, crop
dog dish crop,tissue dispenser, dis
dog dish crop,toilet crop, crop
dog dish crop,towel crop, crop
dog dish crop,towel dispenser, dis
dog dish crop,trash can,sh c
dog dish crop,trash can crop, crop
dog dish crop,vase crop, crop
dog dish crop,window crop, crop
door,door crop,door
door,door frame,door
door,double door,door
door,shower door,door
door,sliding door,door
door crop,door frame,door 
door crop,double door,door
door crop,flush mount light crop, crop
door crop,fork crop, crop
door crop,glass crop, crop
door crop,kettle crop, crop
door crop,microwave crop, crop
door crop,mirror crop,or crop
door crop,oven crop, crop
door crop,pendant lamp crop, crop
door crop,picture crop, crop
door crop,place mat crop, crop
door crop,plate crop, crop
door crop,radiator crop,or crop
door crop,range crop, crop
door crop,refrigerator crop,or crop
door crop,rug crop, crop
door crop,sconce crop, crop
door crop,shelf crop, crop
door crop,shower door,door
door crop,side table crop, crop
door crop,sink crop, crop
door crop,sliding door,door
door crop,sofa crop, crop
door crop,stool crop, crop
door crop,stove crop, crop
door crop,table crop, crop
door crop,telephone crop, crop
door crop,toilet crop, crop
door crop,towel crop, crop
door crop,trash can crop, crop
door crop,vase crop, crop
door crop,window crop, crop
door frame,double door,door
door frame,frame,frame
door frame,shower door,door
door frame,sliding door,door
double door,shower door, door
double door,side table crop,ble 
double door,sliding door, door
double door,table crop,ble 
double door,table lamp,ble 
double door,table runner,ble 
drain,drain pipe,drain
drain,drain plug,drain
drain,handrail,drai
drain,strainer,rain
drain pipe,drain plug,drain p
drain pipe,handrail,drai
drain pipe,pipe,pipe
drain pipe,pipes,pipe
drain pipe,strainer,rain
drain plug,handrail,drai
drain plug,plug,plug
drain plug,strainer,rain
drapes,tapestry,apes
drawer,drawers,drawer
drawers,flowers,wers
dress,pressure washer,ress
dried herbs,pot of herbs, herbs
extractor hood,radiator crop,tor 
extractor hood,refrigerator crop,tor 
extractor hood,toilet paper holder,r ho
eyeglasses,glass,glass
eyeglasses,glass crop,glass
eyeglasses,glasses,glasses
faucet,saucepan,auce
figure,figurine,figur
figurine,measuring spoons,urin
fire extinguisher,heating,ting
fire extinguisher,pressure washer,sher
fire extinguisher,skirting board,ting
flower,flowers,flower
flower,shower,ower
flower,shower curtain,ower
flower,shower door,ower
flower,shower screen,ower
flower,stall shower,ower
flower,tower,ower
flowers,shower,ower
flowers,shower curtain,ower
flowers,shower door,ower
flowers,shower screen,ower
flowers,stall shower,ower
flowers,tower,ower
fluorescent tube,tube,tube
flush mount light,flush mount light crop,flush mount light
flush mount light,light source,light
flush mount light,light switch,light
flush mount light,light switches,light
flush mount light,light troffer,light
flush mount light,pendant lamp,nt l
flush mount light,pendant lamp crop,nt l
flush mount light,pot lid,t li
flush mount light,semi-flush mount light,flush mount light
flush mount light,skylight,light
flush mount light,wall recessed light, light
flush mount light crop,fork crop, crop
flush mount light crop,glass crop, crop
flush mount light crop,kettle crop, crop
flush mount light crop,light source,light 
flush mount light crop,light switch,light 
flush mount light crop,light switches,light 
flush mount light crop,light troffer,light 
flush mount light crop,microwave crop, crop
flush mount light crop,mirror crop, crop
flush mount light crop,oven crop, crop
flush mount light crop,pendant lamp,nt l
flush mount light crop,pendant lamp crop, crop
flush mount light crop,picture crop, crop
flush mount light crop,place mat crop,t crop
flush mount light crop,plate crop, crop
flush mount light crop,pot lid,t li
flush mount light crop,radiator crop, crop
flush mount light crop,range crop, crop
flush mount light crop,refrigerator crop, crop
flush mount light crop,rug crop, crop
flush mount light crop,sconce crop, crop
flush mount light crop,semi-flush mount light,flush mount light
flush mount light crop,shelf crop, crop
flush mount light crop,side table crop, crop
flush mount light crop,sink crop, crop
flush mount light crop,skylight,light
flush mount light crop,sofa crop, crop
flush mount light crop,stool crop, crop
flush mount light crop,stove crop, crop
flush mount light crop,table crop, crop
flush mount light crop,telephone crop, crop
flush mount light crop,toilet crop,t crop
flush mount light crop,towel crop, crop
flush mount light crop,trash can crop, crop
flush mount light crop,vase crop, crop
flush mount light crop,wall recessed light, light
flush mount light crop,window crop, crop
folder,mug holder,older
folder,napkin holder,older
folder,pot holder,older
folder,toilet paper holder,older
food,food processor,food
food processor,processing machine,process
food processor,wall recessed light,cess
football trophy,light troffer, tro
football trophy,small chair,all 
football trophy,stall shower,all 
football trophy,wall recessed light,all 
fork,fork crop,fork
fork,forks,fork
fork crop,forks,fork
fork crop,glass crop, crop
fork crop,kettle crop, crop
fork crop,microwave crop, crop
fork crop,mirror crop, crop
fork crop,oven crop, crop
fork crop,pendant lamp crop, crop
fork crop,picture crop, crop
fork crop,place mat crop, crop
fork crop,plate crop, crop
fork crop,radiator crop, crop
fork crop,range crop, crop
fork crop,refrigerator crop, crop
fork crop,rug crop, crop
fork crop,sconce crop, crop
fork crop,shelf crop, crop
fork crop,side table crop, crop
fork crop,sink crop,k crop
fork crop,sofa crop, crop
fork crop,stool crop, crop
fork crop,stove crop, crop
fork crop,table crop, crop
fork crop,telephone crop, crop
fork crop,toilet crop, crop
fork crop,towel crop, crop
fork crop,trash can crop, crop
fork crop,vase crop, crop
fork crop,window crop, crop
french bread,tooth brush,h br
fruit,fruits,fruit
frying pan,ironing board,ing 
frying pan,measuring spoons,ing 
frying pan,processing machine,ing 
frying pan,shaving brush,ing 
frying pan,skirting board,ing 
frying pan,sliding door,ing 
frying pan,washing machine,ing 
frying pan,watering can,ing 
glass,glass crop,glass
glass,glasses,glass
glass crop,glasses,glass
glass crop,kettle crop, crop
glass crop,microwave crop, crop
glass crop,mirror crop, crop
glass crop,oven crop, crop
glass crop,pendant lamp crop, crop
glass crop,picture crop, crop
glass crop,place mat crop, crop
glass crop,plate crop, crop
glass crop,radiator crop, crop
glass crop,range crop, crop
glass crop,refrigerator crop, crop
glass crop,rug crop, crop
glass crop,sconce crop, crop
glass crop,shelf crop, crop
glass crop,side table crop, crop
glass crop,sink crop, crop
glass crop,sofa crop, crop
glass crop,stool crop, crop
glass crop,stove crop, crop
glass crop,table crop, crop
glass crop,telephone crop, crop
glass crop,toilet crop, crop
glass crop,towel crop, crop
glass crop,trash can crop, crop
glass crop,vase crop, crop
glass crop,window crop, crop
grater,heater,ater
grater,sweater,ater
grater,water cooler,ater
grater,water tank,ater
grater,water valve,ater
grater,watering can,ater
grill,grille,grill
gripper,pepper,pper
gripper,pepper shaker,pper
gripper,peppers,pper
gripper,salt and pepper,pper
hair dryer,hairbrush,hair
hair dryer,hairdryer,dryer
hair dryer,small chair,hair
hairbrush,hairdryer,hair
hairbrush,shaving brush,brush
hairbrush,small chair,hair
hairbrush,toilet brush,brush
hairbrush,tooth brush,brush
hairbrush,toothbrush,brush
hairdryer,small chair,hair
handle,handrail,hand
handrail,railing,rail
handrail,towel rail,rail
hanger,pot hanger,hanger
hanger,range,ange
hanger,range crop,ange
heater,heating,heat
heater,sweater,eater
heater,water cooler,ater
heater,water tank,ater
heater,water valve,ater
heater,watering can,ater
heating,skirting board,ting
hinge,washing machine,hing
hotpl,hotplate,hotpl
hotplate,plate,plate
hotplate,plate crop,plate
hotplate,plate mat,plate
hotplate,plate rack,plate
hotplate,plates,plate
hotplate,plates rack,plate
hotplate,platter,plat
ice bucket,spice rack,ice 
ironing board,measuring spoons,ing 
ironing board,processing machine,ing 
ironing board,shaving brush,ing b
ironing board,sideboard,board
ironing board,skirting board,ing board
ironing board,sliding door,ing 
ironing board,washing machine,ing 
ironing board,watering can,ing 
kettle,kettle crop,kettle
kettle,soap bottle,ttle
kettle crop,microwave crop,e crop
kettle crop,mirror crop, crop
kettle crop,oven crop, crop
kettle crop,pendant lamp crop, crop
kettle crop,picture crop,e crop
kettle crop,place mat crop, crop
kettle crop,plate crop,e crop
kettle crop,radiator crop, crop
kettle crop,range crop,e crop
kettle crop,refrigerator crop, crop
kettle crop,rug crop, crop
kettle crop,sconce crop,e crop
kettle crop,shelf crop, crop
kettle crop,side table crop,le crop
kettle crop,sink crop, crop
kettle crop,soap bottle,ttle
kettle crop,sofa crop, crop
kettle crop,stool crop, crop
kettle crop,stove crop,e crop
kettle crop,table crop,le crop
kettle crop,telephone crop,e crop
kettle crop,toilet crop, crop
kettle crop,towel crop, crop
kettle crop,trash can crop, crop
kettle crop,vase crop,e crop
kettle crop,window crop, crop
kitchen,kitchen island,kitchen
kitchen,kitchen utensils,kitchen
kitchen,light switch,itch
kitchen,light switches,itche
kitchen,pitcher,itche
kitchen,switch,itch
kitchen island,kitchen utensils,kitchen 
kitchen island,light switch,itch
kitchen island,light switches,itche
kitchen island,pitcher,itche
kitchen island,switch,itch
kitchen utensils,light switch,itch
kitchen utensils,light switches,itche
kitchen utensils,pitcher,itche
kitchen utensils,switch,itch
kitchen utensils,utensils,utensils
kitchen utensils,utensils canister,utensils
kitchen utensils,wooden utensils,en utensils
knife,knife  set,knife
knife,knife set,knife
knife  set,knife set,knife 
knife  set,teacup set, set
knife set,teacup set, set
large rabbit,plate rack,e ra
large rabbit,rabbit,rabbit
large rabbit,spice rack,e ra
large rabbit,wine rack,e ra
light source,light switch,light s
light source,light switches,light s
light source,light troffer,light 
light source,semi-flush mount light,light
light source,skylight,light
light source,wall recessed light,light
light switch,light switches,light switch
light switch,light troffer,light 
light switch,pitcher,itch
light switch,semi-flush mount light,light
light switch,skylight,light
light switch,switch,switch
light switch,wall recessed light,light
light switches,light troffer,light 
light switches,pitcher,itche
light switches,semi-flush mount light,light
light switches,skylight,light
light switches,switch,switch
light switches,wall recessed light,light
light troffer,semi-flush mount light,light
light troffer,skylight,light
light troffer,wall recessed light,light
measuring spoons,processing machine,ing 
measuring spoons,shaving brush,ing 
measuring spoons,skirting board,ing 
measuring spoons,sliding door,ing 
measuring spoons,spoon,spoon
measuring spoons,spoons,spoons
measuring spoons,towel ring,ring
measuring spoons,washing machine,ing 
measuring spoons,watering can,ring 
microwave,microwave crop,microwave
microwave crop,mirror crop, crop
microwave crop,oven crop, crop
microwave crop,pendant lamp crop, crop
microwave crop,picture crop,e crop
microwave crop,place mat crop, crop
microwave crop,plate crop,e crop
microwave crop,radiator crop, crop
microwave crop,range crop,e crop
microwave crop,refrigerator crop, crop
microwave crop,rug crop, crop
microwave crop,sconce crop,e crop
microwave crop,shelf crop, crop
microwave crop,side table crop,e crop
microwave crop,sink crop, crop
microwave crop,sofa crop, crop
microwave crop,stool crop, crop
microwave crop,stove crop,ve crop
microwave crop,table crop,e crop
microwave crop,telephone crop,e crop
microwave crop,toilet crop, crop
microwave crop,towel crop, crop
microwave crop,trash can crop, crop
microwave crop,vase crop,e crop
microwave crop,window crop, crop
mirror,mirror crop,mirror
mirror crop,oven crop, crop
mirror crop,pendant lamp crop, crop
mirror crop,picture crop, crop
mirror crop,place mat crop, crop
mirror crop,plate crop, crop
mirror crop,radiator crop,or crop
mirror crop,range crop, crop
mirror crop,refrigerator crop,or crop
mirror crop,rug crop, crop
mirror crop,sconce crop, crop
mirror crop,shelf crop, crop
mirror crop,side table crop, crop
mirror crop,sink crop, crop
mirror crop,sofa crop, crop
mirror crop,stool crop, crop
mirror crop,stove crop, crop
mirror crop,table crop, crop
mirror crop,telephone crop, crop
mirror crop,toilet crop, crop
mirror crop,towel crop, crop
mirror crop,trash can crop, crop
mirror crop,vase crop, crop
mirror crop,window crop, crop
molding,sliding door,ding
mug holder,napkin holder, holder
mug holder,pot holder, holder
mug holder,toilet paper holder, holder
napkin,napkin holder,napkin
napkin,napkin rack,napkin
napkin,paper napkins,napkin
napkin,pumpkin,pkin
napkin holder,napkin rack,napkin 
napkin holder,paper napkins,napkin
napkin holder,pot holder, holder
napkin holder,pumpkin,pkin
napkin holder,toilet paper holder, holder
napkin rack,paper napkins,napkin
napkin rack,plate rack, rack
napkin rack,plates rack, rack
napkin rack,pot rack, rack
napkin rack,pumpkin,pkin
napkin rack,rack,rack
napkin rack,spice rack, rack
napkin rack,towel rack, rack
napkin rack,wine rack, rack
newspaper,paper,paper
newspaper,paper napkins,paper
newspaper,paper roll,paper
newspaper,paper towels,paper
newspaper,papers roll,paper
newspaper,taper,aper
newspaper,toilet paper,paper
newspaper,toilet paper holder,paper
newspaper,toilet paper rolls,paper
oil jar,vinegar jar, jar
outlet,oytlet,tlet
outlet,wooden cutlery,utle
oven,oven crop,oven
oven,toaster oven,oven
oven crop,pendant lamp crop, crop
oven crop,picture crop, crop
oven crop,place mat crop, crop
oven crop,plate crop, crop
oven crop,radiator crop, crop
oven crop,range crop, crop
oven crop,refrigerator crop, crop
oven crop,rug crop, crop
oven crop,sconce crop, crop
oven crop,shelf crop, crop
oven crop,side table crop, crop
oven crop,sink crop, crop
oven crop,sofa crop, crop
oven crop,stool crop, crop
oven crop,stove crop, crop
oven crop,table crop, crop
oven crop,telephone crop, crop
oven crop,toaster oven,oven
oven crop,toilet crop, crop
oven crop,towel crop, crop
oven crop,trash can crop,n crop
oven crop,vase crop, crop
oven crop,window crop, crop
oven crop,wooden cutlery,en c
paper,paper napkins,paper
paper,paper roll,paper
paper,paper towels,paper
paper,papers roll,paper
paper,taper,aper
paper,toilet paper,paper
paper,toilet paper holder,paper
paper,toilet paper rolls,paper
paper napkins,paper roll,paper 
paper napkins,paper towels,paper 
paper napkins,papers roll,paper
paper napkins,pepper shaker,per 
paper napkins,pumpkin,pkin
paper napkins,taper,aper
paper napkins,toilet paper,paper
paper napkins,toilet paper holder,paper 
paper napkins,toilet paper rolls,paper 
paper roll,paper towels,paper 
paper roll,papers roll,paper
paper roll,pepper shaker,per 
paper roll,taper,aper
paper roll,toilet paper,paper
paper roll,toilet paper holder,paper 
paper roll,toilet paper rolls,paper roll
paper towels,papers roll,paper
paper towels,pepper shaker,per 
paper towels,taper,aper
paper towels,toilet paper,paper
paper towels,toilet paper holder,paper 
paper towels,toilet paper rolls,paper 
paper towels,towel,towel
paper towels,towel crop,towel
paper towels,towel dispenser,towel
paper towels,towel rack,towel
paper towels,towel radiator,towel
paper towels,towel rail,towel
paper towels,towel ring,towel
paper towels,towels,towels
paper towels,tower,towe
paper towels,water tank,er t
papers roll,peppers,pers
papers roll,taper,aper
papers roll,toilet paper,paper
papers roll,toilet paper holder,paper
papers roll,toilet paper rolls,paper
pendant lamp,pendant lamp crop,pendant lamp
pendant lamp,plant pot,ant 
pendant lamp,semi-flush mount light,nt l
pendant lamp,table lamp, lamp
pendant lamp crop,picture crop, crop
pendant lamp crop,place mat crop, crop
pendant lamp crop,plant pot,ant 
pendant lamp crop,plate crop, crop
pendant lamp crop,radiator crop, crop
pendant lamp crop,range crop, crop
pendant lamp crop,refrigerator crop, crop
pendant lamp crop,rug crop, crop
pendant lamp crop,sconce crop, crop
pendant lamp crop,semi-flush mount light,nt l
pendant lamp crop,shelf crop, crop
pendant lamp crop,side table crop, crop
pendant lamp crop,sink crop, crop
pendant lamp crop,sofa crop, crop
pendant lamp crop,stool crop, crop
pendant lamp crop,stove crop, crop
pendant lamp crop,table crop, crop
pendant lamp crop,table lamp, lamp
pendant lamp crop,telephone crop, crop
pendant lamp crop,toilet crop, crop
pendant lamp crop,towel crop, crop
pendant lamp crop,trash can crop, crop
pendant lamp crop,vase crop, crop
pendant lamp crop,window crop, crop
pepper,pepper shaker,pepper
pepper,peppers,pepper
pepper,salt and pepper,pepper
pepper shaker,peppers,pepper
pepper shaker,salt and pepper,pepper
pepper shaker,shaker,shaker
pepper shaker,shower screen,er s
pepper shaker,speaker,aker
pepper shaker,toilet paper holder,per 
pepper shaker,toilet paper rolls,per 
peppers,salt and pepper,pepper
pestle,tapestry,pest
picture,picture crop,picture
picture,sculpture,ture
picture,tureen,ture
picture crop,place mat crop, crop
picture crop,plate crop,e crop
picture crop,pressure washer,ure 
picture crop,radiator crop, crop
picture crop,range crop,e crop
picture crop,refrigerator crop, crop
picture crop,rug crop, crop
picture crop,sconce crop,e crop
picture crop,sculpture,ture
picture crop,shelf crop, crop
picture crop,side table crop,e crop
picture crop,sink crop, crop
picture crop,sofa crop, crop
picture crop,stool crop, crop
picture crop,stove crop,e crop
picture crop,table crop,e crop
picture crop,telephone crop,e crop
picture crop,toilet crop, crop
picture crop,towel crop, crop
picture crop,trash can crop, crop
picture crop,tureen,ture
picture crop,vase crop,e crop
picture crop,window crop, crop
pineapple,pinecone,pine
pineapple,pinecones,pine
pinecone,pinecones,pinecone
pipe,pipes,pipe
pitcher,switch,itch
place mat,place mat crop,place mat
place mat,placemat,place
place mat,plate mat,e mat
place mat crop,placemat,place
place mat crop,plate crop, crop
place mat crop,plate mat,e mat
place mat crop,radiator crop, crop
place mat crop,range crop, crop
place mat crop,refrigerator crop, crop
place mat crop,rug crop, crop
place mat crop,sconce crop, crop
place mat crop,shelf crop, crop
place mat crop,side table crop, crop
place mat crop,sink crop, crop
place mat crop,sofa crop, crop
place mat crop,stool crop, crop
place mat crop,stove crop, crop
place mat crop,table crop, crop
place mat crop,telephone crop, crop
place mat crop,toilet crop,t crop
place mat crop,towel crop, crop
place mat crop,trash can crop, crop
place mat crop,vase crop, crop
place mat crop,window crop, crop
plant,plant pot,plant
plant,plantpot,plant
plant,plants,plant
plant pot,plantpot,plant
plant pot,plants,plant
plantpot,plants,plant
plate,plate crop,plate
plate,plate mat,plate
plate,plate rack,plate
plate,plates,plate
plate,plates rack,plate
plate,platter,plat
plate crop,plate mat,plate 
plate crop,plate rack,plate 
plate crop,plates,plate
plate crop,plates rack,plate
plate crop,platter,plat
plate crop,radiator crop, crop
plate crop,range crop,e crop
plate crop,refrigerator crop, crop
plate crop,rug crop, crop
plate crop,sconce crop,e crop
plate crop,shelf crop, crop
plate crop,side table crop,e crop
plate crop,sink crop, crop
plate crop,sofa crop, crop
plate crop,stool crop, crop
plate crop,stove crop,e crop
plate crop,table crop,e crop
plate crop,telephone crop,e crop
plate crop,toilet crop, crop
plate crop,towel crop, crop
plate crop,trash can crop, crop
plate crop,vase crop,e crop
plate crop,window crop, crop
plate mat,plate rack,plate 
plate mat,plates,plate
plate mat,plates rack,plate
plate mat,platter,plat
plate rack,plates,plate
plate rack,plates rack,plate
plate rack,platter,plat
plate rack,pot rack, rack
plate rack,rack,rack
plate rack,spice rack,e rack
plate rack,towel rack, rack
plate rack,wine rack,e rack
plates,plates rack,plates
plates,platter,plat
plates rack,platter,plat
plates rack,pot rack, rack
plates rack,rack,rack
plates rack,spice rack, rack
plates rack,towel rack, rack
plates rack,wine rack, rack
platter,shutter,tter
pot hanger,pot holder,pot h
pot hanger,pot lid,pot 
pot hanger,pot of herbs,pot 
pot hanger,pot rack,pot 
pot hanger,range,ange
pot hanger,range crop,ange
pot holder,pot lid,pot 
pot holder,pot of herbs,pot 
pot holder,pot rack,pot 
pot holder,toilet paper holder, holder
pot lid,pot of herbs,pot 
pot lid,pot rack,pot 
pot lid,semi-flush mount light,t li
pot of herbs,pot rack,pot 
pot rack,rack,rack
pot rack,spice rack, rack
pot rack,towel rack, rack
pot rack,wine rack, rack
pressure washer,washing machine,wash
processing machine,shaving brush,ing 
processing machine,skirting board,ing 
processing machine,sliding door,ing 
processing machine,wall recessed light,cess
processing machine,washing machine,ing machine
processing machine,watering can,ing 
rack,spice rack,rack
rack,towel rack,rack
rack,wine rack,rack
radiator,radiator crop,radiator
radiator,radio,radi
radiator,refrigerator,ator
radiator,refrigerator crop,ator
radiator,towel radiator,radiator
radiator crop,radio,radi
radiator crop,range crop, crop
radiator crop,refrigerator,ator
radiator crop,refrigerator crop,ator crop
radiator crop,rug crop, crop
radiator crop,sconce crop, crop
radiator crop,shelf crop, crop
radiator crop,side table crop, crop
radiator crop,sink crop, crop
radiator crop,sofa crop, crop
radiator crop,stool crop, crop
radiator crop,stove crop, crop
radiator crop,table crop, crop
radiator crop,telephone crop, crop
radiator crop,toilet crop, crop
radiator crop,towel crop, crop
radiator crop,towel radiator,radiator
radiator crop,trash can crop, crop
radiator crop,vase crop, crop
radiator crop,window crop, crop
radio,towel radiator,radi
railing,towel rail,rail
range,range crop,range
range crop,refrigerator crop, crop
range crop,rug crop, crop
range crop,sconce crop,e crop
range crop,shelf crop, crop
range crop,side table crop,e crop
range crop,sink crop, crop
range crop,sofa crop, crop
range crop,stool crop, crop
range crop,stove crop,e crop
range crop,table crop,e crop
range crop,telephone crop,e crop
range crop,toilet crop, crop
range crop,towel crop, crop
range crop,trash can crop, crop
range crop,vase crop,e crop
range crop,window crop, crop
refrigerator,refrigerator crop,refrigerator
refrigerator,towel radiator,ator
refrigerator crop,rug crop, crop
refrigerator crop,sconce crop, crop
refrigerator crop,shelf crop, crop
refrigerator crop,side table crop, crop
refrigerator crop,sink crop, crop
refrigerator crop,sofa crop, crop
refrigerator crop,stool crop, crop
refrigerator crop,stove crop, crop
refrigerator crop,table crop, crop
refrigerator crop,telephone crop, crop
refrigerator crop,toilet crop, crop
refrigerator crop,towel crop, crop
refrigerator crop,towel radiator,ator
refrigerator crop,trash can crop, crop
refrigerator crop,vase crop, crop
refrigerator crop,window crop, crop
rug crop,sconce crop, crop
rug crop,shelf crop, crop
rug crop,side table crop, crop
rug crop,sink crop, crop
rug crop,sofa crop, crop
rug crop,stool crop, crop
rug crop,stove crop, crop
rug crop,table crop, crop
rug crop,telephone crop, crop
rug crop,toilet crop, crop
rug crop,towel crop, crop
rug crop,trash can crop, crop
rug crop,vase crop, crop
rug crop,window crop, crop
salt,salt and pepper,salt
salt,saltcellar,salt
salt and pepper,saltcellar,salt
saltcellar,umbrella,ella
sconce,sconce crop,sconce
sconce crop,shelf crop, crop
sconce crop,side table crop,e crop
sconce crop,sink crop, crop
sconce crop,sofa crop, crop
sconce crop,stool crop, crop
sconce crop,stove crop,e crop
sconce crop,table crop,e crop
sconce crop,telephone crop,e crop
sconce crop,toilet crop, crop
sconce crop,towel crop, crop
sconce crop,trash can crop, crop
sconce crop,vase crop,e crop
sconce crop,window crop, crop
sculpture,tureen,ture
semi-flush mount light,skylight,light
semi-flush mount light,wall recessed light, light
shaker,speaker,aker
shaving brush,skirting board,ing b
shaving brush,sliding door,ing 
shaving brush,toilet brush, brush
shaving brush,tooth brush, brush
shaving brush,toothbrush,brush
shaving brush,washing machine,ing 
shaving brush,watering can,ing 
shelf,shelf crop,shelf
shelf,shell,shel
shelf,shelves,shel
shelf crop,shell,shel
shelf crop,shelves,shel
shelf crop,side table crop, crop
shelf crop,sink crop, crop
shelf crop,sofa crop, crop
shelf crop,stool crop, crop
shelf crop,stove crop, crop
shelf crop,table crop, crop
shelf crop,telephone crop, crop
shelf crop,toilet crop, crop
shelf crop,towel crop, crop
shelf crop,trash can crop, crop
shelf crop,vase crop, crop
shelf crop,window crop, crop
shell,shelves,shel
shower,shower curtain,shower
shower,shower door,shower
shower,shower screen,shower
shower,stall shower,shower
shower,tower,ower
shower curtain,shower door,shower 
shower curtain,shower screen,shower 
shower curtain,stall shower,shower
shower curtain,tower,ower
shower curtain,water cooler,er c
shower door,shower screen,shower 
shower door,sliding door, door
shower door,stall shower,shower
shower door,tower,ower
shower screen,stall shower,shower
shower screen,tower,ower
shower screen,tureen,reen
side,side table,side
side,side table crop,side
side,sideboard,side
side table,side table crop,side table
side table,sideboard,side
side table,table,table
side table,table crop,table
side table,table lamp,table
side table,table runner,table
side table crop,sideboard,side
side table crop,sink crop, crop
side table crop,sofa crop, crop
side table crop,stool crop, crop
side table crop,stove crop,e crop
side table crop,table,table
side table crop,table crop,table crop
side table crop,table lamp,table 
side table crop,table runner,table 
side table crop,telephone crop,e crop
side table crop,toilet crop, crop
side table crop,towel crop, crop
side table crop,trash can crop, crop
side table crop,vase crop,e crop
side table crop,window crop, crop
sideboard,skirting board,board
sink,sink crop,sink
sink crop,sofa crop, crop
sink crop,stool crop, crop
sink crop,stove crop, crop
sink crop,table crop, crop
sink crop,telephone crop, crop
sink crop,toilet crop, crop
sink crop,towel crop, crop
sink crop,trash can crop, crop
sink crop,vase crop, crop
sink crop,window crop, crop
skirting board,sliding door,ing 
skirting board,washing machine,ing 
skirting board,watering can,ing 
skylight,wall recessed light,light
sliding door,washing machine,ing 
sliding door,watering can,ing 
small chair,stall shower,all 
small chair,wall recessed light,all 
soap,soap bottle,soap
soap,soap dish,soap
soap,soap dispenser,soap
soap,soaps,soap
soap bottle,soap dish,soap 
soap bottle,soap dispenser,soap 
soap bottle,soaps,soap
soap dish,soap dispenser,soap dis
soap dish,soaps,soap
soap dish,tissue dispenser, dis
soap dish,towel dispenser, dis
soap dispenser,soaps,soap
soap dispenser,tissue dispenser, dispenser
soap dispenser,towel dispenser, dispenser
sofa,sofa crop,sofa
sofa crop,stool crop, crop
sofa crop,stove crop, crop
sofa crop,table crop, crop
sofa crop,telephone crop, crop
sofa crop,toilet crop, crop
sofa crop,towel crop, crop
sofa crop,trash can crop, crop
sofa crop,vase crop, crop
sofa crop,window crop, crop
spice rack,spices,spice
spice rack,towel rack, rack
spice rack,wine rack,e rack
sponge,sponges,sponge
spoon,spoons,spoon
stall shower,tower,ower
stall shower,wall recessed light,all 
stereo,toaster,ster
stereo,toaster oven,ster
stereo,utensils canister,ster
stoo,stool,stoo
stoo,stool crop,stoo
stool,stool crop,stool
stool,toolbox,tool
stool crop,stove crop, crop
stool crop,table crop, crop
stool crop,telephone crop, crop
stool crop,toilet crop, crop
stool crop,toolbox,tool
stool crop,towel crop,l crop
stool crop,trash can crop, crop
stool crop,vase crop, crop
stool crop,window crop, crop
stove,stove crop,stove
stove crop,table crop,e crop
stove crop,telephone crop,e crop
stove crop,toilet crop, crop
stove crop,towel crop, crop
stove crop,trash can crop, crop
stove crop,vase crop,e crop
stove crop,window crop, crop
sugar bowl,vinegar jar,gar 
sweater,water cooler,ater
sweater,water tank,ater
sweater,water valve,ater
sweater,watering can,ater
table,table crop,table
table,table lamp,table
table,table runner,table
table crop,table lamp,table 
table crop,table runner,table 
table crop,telephone crop,e crop
table crop,toilet crop, crop
table crop,towel crop, crop
table crop,trash can crop, crop
table crop,vase crop,e crop
table crop,window crop, crop
table lamp,table runner,table 
taper,tapestry,tape
taper,toilet paper,aper
taper,toilet paper holder,aper
taper,toilet paper rolls,aper
teacup,teacup set,teacup
telephone,telephone crop,telephone
telephone,television,tele
telephone crop,television,tele
telephone crop,toilet crop, crop
telephone crop,towel crop, crop
telephone crop,trash can crop, crop
telephone crop,vase crop,e crop
telephone crop,window crop, crop
tissue box,tissue dispenser,tissue 
tissue dispenser,towel dispenser, dispenser
toaster,toaster oven,toaster
toaster,toothpaste,aste
toaster,utensils canister,ster
toaster oven,toothpaste,aste
toaster oven,utensils canister,ster
toaster oven,water cooler,ter 
toaster oven,water tank,ter 
toaster oven,water valve,ter 
toilet,toilet brush,toilet
toilet,toilet crop,toilet
toilet,toilet kit,toilet
toilet,toilet paper,toilet
toilet,toilet paper holder,toilet
toilet,toilet paper rolls,toilet
toilet brush,toilet crop,toilet 
toilet brush,toilet kit,toilet 
toilet brush,toilet paper,toilet 
toilet brush,toilet paper holder,toilet 
toilet brush,toilet paper rolls,toilet 
toilet brush,tooth brush, brush
toilet brush,toothbrush,brush
toilet crop,toilet kit,toilet 
toilet crop,toilet paper,toilet 
toilet crop,toilet paper holder,toilet 
toilet crop,toilet paper rolls,toilet 
toilet crop,towel crop, crop
toilet crop,trash can crop, crop
toilet crop,vase crop, crop
toilet crop,window crop, crop
toilet kit,toilet paper,toilet 
toilet kit,toilet paper holder,toilet 
toilet kit,toilet paper rolls,toilet 
toilet paper,toilet paper holder,toilet paper
toilet paper,toilet paper rolls,toilet paper
toilet paper holder,toilet paper rolls,toilet paper 
tooth brush,toothbrush,tooth
tooth brush,toothpaste,tooth
toothbrush,toothpaste,tooth
towel,towel crop,towel
towel,towel dispenser,towel
towel,towel rack,towel
towel,towel radiator,towel
towel,towel rail,towel
towel,towel ring,towel
towel,towels,towel
towel,tower,towe
towel crop,towel dispenser,towel 
towel crop,towel rack,towel 
towel crop,towel radiator,towel 
towel crop,towel rail,towel 
towel crop,towel ring,towel 
towel crop,towels,towel
towel crop,tower,towe
towel crop,trash can crop, crop
towel crop,vase crop, crop
towel crop,window crop, crop
towel dispenser,towel rack,towel 
towel dispenser,towel radiator,towel 
towel dispenser,towel rail,towel 
towel dispenser,towel ring,towel 
towel dispenser,towels,towel
towel dispenser,tower,towe
towel rack,towel radiator,towel ra
towel rack,towel rail,towel ra
towel rack,towel ring,towel r
towel rack,towels,towel
towel rack,tower,towe
towel rack,wine rack, rack
towel radiator,towel rail,towel ra
towel radiator,towel ring,towel r
towel radiator,towels,towel
towel radiator,tower,towe
towel rail,towel ring,towel r
towel rail,towels,towel
towel rail,tower,towe
towel ring,towels,towel
towel ring,tower,towe
towel ring,watering can,ring
towels,tower,towe
trash bag,trash can,trash 
trash bag,trash can crop,trash 
trash can,trash can crop,trash can
trash can,utensils canister, can
trash can,watering can, can
trash can crop,utensils canister, can
trash can crop,vase crop, crop
trash can crop,watering can, can
trash can crop,window crop, crop
tray,trays,tray
tree,trees,tree
utensils,utensils canister,utensils
utensils,wooden utensils,utensils
utensils canister,watering can, can
utensils canister,wooden utensils,utensils
vase,vase crop,vase
vase crop,window crop, crop
wall,wall recessed light,wall
washing machine,watering can,ing 
water cooler,water tank,water 
water cooler,water valve,water 
water cooler,watering can,water
water tank,water valve,water 
water tank,watering can,water
water valve,watering can,water
window,window crop,window
window,windows,window
window crop,windows,window
wood,wooden cutlery,wood
wood,wooden utensils,wood
wooden cutlery,wooden utensils,wooden 
