image,object_1,object_2,object_3,object_4,object_5,object_6,object_7,object_8,object_9,object_10,object_11,object_12,object_13,object_14,object_15,object_16,object_17,object_18,object_19,object_20,object_21,object_22,object_23,object_24
102_bath,door,towel holder,bathtub,sink,soap,cabinet,mirror,paper towel,toilet paper,bin,window,toilet,chair,shower,shower screen,rug,toilet brush,,,,,,,
102_bath_copy,bathtub,shampoo bottle,shower,shower screen,bathroom vanity,sink,toothbrush,cup,soap,mirror,lamp,toilet,shelf,soap bottle,picture,window,plant,,,,,,,
102_kitch,washing machine,fridge,cleaning utensil,cabinet,counter,plate,cup,stove,extractor hood,oven,microwave,dishwasher,window,trash bin,table,dish,chair,,,,,,,
102_kitch_copy,cabinet,glass door,basket,shelf,fridge,kitchenette,sink,bowl,fruit,plate,vegetable,vase,plant,chair,lamp,door,counter,oven,microwave,shelf,kitchen utensil,plant,stove,extractor hood
103_bath,shower,shower screen,rug,door,sink,toilet,rug,,,,,,,,,,,,,,,,,
103_bath_copy,bathtub,shampoo bottle,shower,shower screen,bathroom vanity,sink,toothbrush,cup,soap,mirror,lamp,toilet,shelf,soap bottle,picture,plant,,,,,,,,
103_kitch,door,counter,cabinet,sink,kitchenette,stove,oven,,,,,,,,,,,,,,,,,
103_kitch_copy,cabinet,glass door,shelf,fridge,kitchenette,sink,bowl,fruit,chair,door,shelf,counter,,,,,,,,,,,,
104_bath,toilet paper,toilet,flower,window,sink,mirror,soap,towel,rug,,,,,,,,,,,,,,,
104_bath_copy,bathtub,shampoo bottle,shower,shower screen,bathroom vanity,sink,toothbrush,cup,soap,mirror,lamp,toilet,shelf,soap bottle,picture,window,plant,,,,,,,
104_kitch,window,sun,washing machine,cabinet,glass,extractor hood,stove,pot,rug,,,,,,,,,,,,,,,
104_kitch_copy,cabinet,glass door,basket,shelf,fridge,kitchenette,sink,bowl,fruit,plate,vegetable,vase,plant,chair,door,counter,oven,shelf,microwave,,,,,
105_bath,bathroom vanity,sink,window,toilet paper,toilet,rug,bathtub,shower screen,,,,,,,,,,,,,,,,
105_bath_copy,bathtub,shampoo bottle,shower,shower screen,bathroom vanity,sink,toothbrush,cup,soap,mirror,lamp,toilet,shelf,soap bottle,picture,window,plant,,,,,,,
105_kitch,stove,dishwasher,oven,cabinet,sink,fridge,table,chair,,,,,,,,,,,,,,,,
105_kitch_copy,cabinet,glass door,basket,shelf,fridge,kitchenette,sink,bowl,fruit,plate,vegetable,vase,plant,chair,lamp,door,counter,oven,microwave,shelf,stove,extractor hood,,
106_bath,toilet,fan,outlet,towel,sink,mirror,bathroom vanity,towel,rug,bathtub,shelf,shampoo bottle,soap,,,,,,,,,,,
106_bath_copy,bathtub,shampoo bottle,shower,shower screen,bathroom vanity,sink,toothbrush,cup,soap,mirror,lamp,toilet,shelf,soap bottle,picture,window,plant,,,,,,,
106_kitch,stove,oven,cabinet,cup,sink,fridge,door,table,chair,sink,trash bin,,,,,,,,,,,,,
106_kitch_copy,cabinet,glass door,basket,shelf,fridge,kitchenette,sink,bowl,fruit,plate,vegetable,vase,plant,chair,door,counter,oven,microwave,shelf,stove,extractor hood,,,
107_bath,sink,mirror,toilet,bathtub,shower screen,laundry basket,washing machine,,,,,,,,,,,,,,,,,
107_bath_copy,bathtub,shampoo bottle,shower,shower screen,bathroom vanity,sink,toothbrush,cup,soap,mirror,lamp,toilet,shelf,soap bottle,picture,window,plant,,,,,,,
107_kitch,fridge,cabinet,stove,oven,sink,table,chair,bowl,fruit,plate,,,,,,,,,,,,,,
107_kitch_copy,cabinet,glass door,basket,shelf,fridge,kitchenette,sink,bowl,fruit,plate,vegetable,vase,plant,chair,door,counter,oven,microwave,shelf,kitchen utensil,stove,extractor hood,,
108_bath,sink,mirror,shower,shower screen,bathtub,rug,towel,toilet,,,,,,,,,,,,,,,,
108_bath_copy,bathtub,shampoo bottle,shower,shower screen,bathroom vanity,sink,toothbrush,cup,soap,mirror,lamp,toilet,shelf,soap bottle,picture,window,plant,,,,,,,
108_kitch,shelf,cabinet,fridge,stove,oven,toaster,sink,drainer,washing machine,,,,,,,,,,,,,,,
108_kitch_copy,cabinet,glass door,shelf,fridge,kitchenette,sink,bowl,fruit,plate,vegetable,vase,plant,chair,lamp,door,counter,oven,microwave,shelf,kitchen utensil,stove,extractor hood,,
110_bath,bin,toilet,heater,towel,bathroom vanity,sink,rug,soap,mirror,shower,shower screen,window,,,,,,,,,,,,
110_bath_copy,bathtub,shampoo bottle,shower,shower screen,bathroom vanity,sink,toothbrush,cup,soap,mirror,lamp,toilet,shelf,soap bottle,picture,window,plant,,,,,,,
110_kitch,cabinet,window,curtain,sink,drainer,shelf,bowl,plate,stove,oven,extractor hood,fridge,rug,table,bowl,fruit,chair,,,,,,,
110_kitch_copy,cabinet,glass door,shelf,fridge,kitchenette,sink,bowl,fruit,plate,vegetable,vase,plant,chair,door,counter,shelf,kitchen utensil,plant,stove,,,,,
111_bath,towel holder,mirror,sink,closet,toilet paper,toilet paper pack,toilet brush,shower,shower screen,rug,lamp,,,,,,,,,,,,,
111_bath_copy,bathtub,shampoo bottle,shower,shower screen,bathroom vanity,sink,toothbrush,cup,soap,mirror,lamp,toilet,shelf,soap bottle,picture,window,plant,,,,,,,
111_kitch,cabinet,sink,bowl,fruit,shelf,plate,lamp,washing machine,vase,fridge,table,chair,plate,,,,,,,,,,,
111_kitch_copy,cabinet,glass door,basket,shelf,fridge,kitchenette,sink,bowl,fruit,plate,vegetable,vase,plant,chair,lamp,door,counter,oven,microwave,shelf,stove,,,
112_bath,toilet brush,toilet,window,closet,mirror,bathroom vanity,sink,lamp,rug,bathtub,shower,,,,,,,,,,,,,
112_bath_copy,bathtub,shampoo bottle,shower,shower screen,bathroom vanity,sink,toothbrush,cup,soap,mirror,lamp,toilet,shelf,soap bottle,picture,window,plant,,,,,,,
112_kitch,fridge,shelf,plate,decoration,stove,sink,window,lamp,light switch,table,chair,plate,cutlery,,,,,,,,,,,
112_kitch_copy,cabinet,shelf,fridge,kitchenette,sink,bowl,fruit,plate,vegetable,vase,plant,chair,lamp,door,counter,microwave,shelf,,,,,,,
113_bath,bin,toilet,toilet brush,rug,shower,shower screen,shampoo bottle,heater,towel holder,sink,mirror,cabinet,soap,door,,,,,,,,,,
113_bath_copy,bathtub,shampoo bottle,shower,shower screen,bathroom vanity,sink,toothbrush,cup,soap,mirror,lamp,toilet,shelf,soap bottle,picture,window,plant,,,,,,,
113_kitch,cabinet,sink,stove,oven,extractor hood,fridge,table,door,,,,,,,,,,,,,,,,
113_kitch_copy,cabinet,glass door,shelf,fridge,kitchenette,sink,bowl,fruit,plate,vegetable,vase,plant,chair,door,counter,oven,microwave,shelf,kitchen utensil,plant,stove,extractor hood,,
114_bath,mirror,bathroom vanity,sink,shower,shower screen,rug,shelf,toilet paper,toilet,,,,,,,,,,,,,,,
114_bath_copy,bathtub,shampoo bottle,shower,shower screen,bathroom vanity,sink,toothbrush,cup,soap,mirror,lamp,toilet,shelf,soap bottle,picture,window,,,,,,,,
114_kitch,fridge,stove,oven,cabinet,sink,window,table,flower,rug,,,,,,,,,,,,,,,
114_kitch_copy,cabinet,glass door,shelf,fridge,kitchenette,sink,chair,door,counter,oven,microwave,shelf,,,,,,,,,,,,
115_bath,door,shower,shower screen,shampoo bottle,heater,window,toilet,sink,mirror,washing machine,,,,,,,,,,,,,,
115_bath_copy,bathtub,shampoo bottle,shower,shower screen,bathroom vanity,sink,toothbrush,cup,soap,mirror,lamp,toilet,shelf,soap bottle,picture,window,,,,,,,,
115_kitch,door,fridge,cabinet,stove,oven,sink,microwave,table,chair,,,,,,,,,,,,,,,
115_kitch_copy,cabinet,glass door,basket,shelf,fridge,kitchenette,sink,bowl,fruit,plate,vegetable,vase,plant,chair,door,counter,oven,microwave,shelf,stove,,,,
116_bath,window,bathtub,bin,slipper,rug,sink,soap,toothbrush,razor,shelf,bathroom utensil,picture,shower,shower screen,toilet,,,,,,,,,
116_bath_copy,bathtub,shampoo bottle,shower,shower screen,bathroom vanity,sink,toothbrush,cup,soap,mirror,lamp,toilet,shelf,soap bottle,picture,window,plant,,,,,,,
116_kitch,window,counter,cabinet,cutting board,knife,fruit,sink,stove,shelf,plate,kitchen utensil,clock,microwave,blender,fridge,table,bottle,glass,,,,,,
116_kitch_copy,cabinet,glass door,basket,shelf,fridge,kitchenette,sink,bowl,fruit,plate,vegetable,vase,plant,chair,lamp,door,counter,oven,microwave,shelf,kitchen utensil,stove,,
117_bath,shelf,bathroom utensil,shower,shower curtain,window,toilet,toilet paper,sink,cup,toothbrush,,,,,,,,,,,,,,
117_bath_copy,bathtub,shower,shower screen,bathroom vanity,sink,toothbrush,cup,soap,mirror,lamp,toilet,shelf,soap bottle,picture,,,,,,,,,,
117_kitch,sink,trash bin,counter,stove,extractor hood,oven,washing machine,shelf,table,chair,bowl,fruit,,,,,,,,,,,,
117_kitch_copy,cabinet,glass door,shelf,fridge,kitchenette,bowl,fruit,plate,vegetable,vase,plant,chair,door,counter,oven,microwave,shelf,,,,,,,
118_bath,toilet,sink,rug,mirror,cabinet,bathtub,,,,,,,,,,,,,,,,,,
118_bath_copy,bathtub,shampoo bottle,shower,shower screen,bathroom vanity,sink,toothbrush,cup,soap,mirror,lamp,toilet,shelf,soap bottle,picture,window,plant,,,,,,,
118_kitch,counter,sink,window,plate,vase,flower,table,chair,plate,cutlery,fridge,,,,,,,,,,,,,
118_kitch_copy,cabinet,glass door,basket,shelf,fridge,kitchenette,sink,bowl,fruit,plate,vegetable,vase,plant,chair,lamp,door,counter,oven,microwave,shelf,stove,,,
119_bath,door,sink,bathroom vanity,cabinet,mirror,cup,toothbrush,toothpaste,bin,shelf,bathroom utensil,toilet,toilet paper,toilet brush,rug,bidet,towel holder,towel,cabinet,shower,shower screen,shampoo bottle,,
119_bath_copy,bathtub,shampoo bottle,shower,shower screen,bathroom vanity,sink,toothbrush,cup,soap,mirror,lamp,toilet,shelf,soap bottle,picture,window,plant,,,,,,,
119_kitch,window,sink,drainer,dish,soap,dishwasher,cabinet,fridge,counter,blender,toaster,stove,towel holder,towel,TV,table,chair,plate,cutlery,glass,bottle,,,
119_kitch_copy,cabinet,glass door,basket,shelf,fridge,kitchenette,sink,bowl,fruit,plate,vegetable,vase,plant,chair,door,counter,oven,microwave,shelf,kitchen utensil,plant,stove,extractor hood,
120_bath,bathtub,shower,ceiling light,bathroom vanity,sink,cup,toothbrush,soap,mirror,towel holder,towel,window,shelf,bathroom utensil,toilet,,,,,,,,,
120_bath_copy,bathtub,shampoo bottle,shower,shower screen,bathroom vanity,sink,toothbrush,cup,soap,mirror,lamp,toilet,shelf,soap bottle,picture,window,plant,,,,,,,
120_kitch,door,shelf,cup,kitchen utensil,light,counter,stove,extractor hood,oven,sink,drainer,knife,cabinet,bowl,fruit,table,chair,plate,,,,,,
120_kitch_copy,cabinet,glass door,basket,shelf,fridge,kitchenette,sink,bowl,fruit,plate,vegetable,vase,plant,chair,door,counter,oven,microwave,shelf,kitchen utensil,plant,stove,,
121_bath,toilet,cabinet,mirror,shower,,,,,,,,,,,,,,,,,,,,
121_bath_copy,bathtub,shower,bathroom vanity,sink,toothbrush,cup,soap,mirror,toilet,shelf,soap bottle,picture,window,,,,,,,,,,,
121_kitch,stove,pan,ladle,sink,,,,,,,,,,,,,,,,,,,,
121_kitch_copy,cabinet,glass door,shelf,kitchenette,chair,lamp,counter,oven,shelf,,,,,,,,,,,,,,,
122_bath,sink,cabinet,mirror,rug,toilet,shower,shower screen,bathtub,shampoo bottle,,,,,,,,,,,,,,,
122_bath_copy,bathtub,shampoo bottle,shower,shower screen,bathroom vanity,sink,toothbrush,cup,soap,mirror,lamp,toilet,shelf,soap bottle,picture,window,plant,,,,,,,
122_kitch,cabinet,counter,stove,oven,sink,drainer,dishwasher,table,chair,,,,,,,,,,,,,,,
122_kitch_copy,cabinet,glass door,basket,shelf,fridge,kitchenette,sink,chair,door,counter,oven,microwave,shelf,stove,extractor hood,,,,,,,,,
123_bath,toilet,shower,shower curtain,window,bathroom vanity,sink,rug,,,,,,,,,,,,,,,,,
123_bath_copy,bathtub,shampoo bottle,shower,shower screen,bathroom vanity,sink,mirror,lamp,toilet,shelf,window,,,,,,,,,,,,,
123_kitch,table,plate,wine glass,counter,sink,stove,cabinet,window,bowl,fruit,,,,,,,,,,,,,,
123_kitch_copy,cabinet,fridge,kitchenette,sink,bowl,fruit,plant,chair,lamp,door,counter,oven,microwave,stove,,,,,,,,,,
124_bath,vase,plant,bathroom vanity,sink,mirror,soap,rug,bathtub,shower curtain,toilet,picture,washing machine,,,,,,,,,,,,
124_bath_copy,bathtub,shampoo bottle,shower,shower screen,bathroom vanity,sink,toothbrush,cup,soap,mirror,lamp,toilet,shelf,soap bottle,picture,window,plant,,,,,,,
124_kitch,table,chair,bowl,fruit,picture,heater,window,curtain,rug,fridge,counter,sink,drainer,stove,cabinet,,,,,,,,,
124_kitch_copy,cabinet,glass door,basket,shelf,fridge,kitchenette,sink,bowl,fruit,plate,vegetable,vase,plant,chair,lamp,door,counter,oven,microwave,shelf,plant,stove,extractor hood,
125_bath,bathtub,lamp,sink,rug,toilet,,,,,,,,,,,,,,,,,,,
125_bath_copy,bathtub,shower,bathroom vanity,sink,lamp,toilet,shelf,window,plant,,,,,,,,,,,,,,,
125_kitch,fridge,table,chair,lamp,counter,cabinet,sink,stove,oven,,,,,,,,,,,,,,,
125_kitch_copy,cabinet,glass door,shelf,fridge,kitchenette,sink,bowl,fruit,plate,vegetable,vase,plant,chair,lamp,door,counter,stove,,,,,,,
126_bath,lamp,shower,shower screen,plant,mirror,sink,rug,bathtub,cabinet,washing machine,,,,,,,,,,,,,,
126_bath_copy,bathtub,shampoo bottle,shower,shower screen,bathroom vanity,sink,toothbrush,cup,soap,mirror,lamp,toilet,shelf,soap bottle,picture,window,plant,,,,,,,
126_kitch,plant,fridge,counter,cabinet,oven,ladle,rug,table,plate,chair,,,,,,,,,,,,,,
126_kitch_copy,cabinet,glass door,basket,shelf,fridge,kitchenette,sink,chair,door,counter,oven,microwave,shelf,,,,,,,,,,,
127_bath,toilet,toilet paper,window,bathroom vanity,sink,cup,toothbrush,mirror,door,shower,,,,,,,,,,,,,,
127_bath_copy,bathtub,shampoo bottle,shower,shower screen,bathroom vanity,sink,toothbrush,cup,soap,mirror,lamp,toilet,shelf,soap bottle,picture,window,plant,,,,,,,
127_kitch,fridge,window,curtain,counter,knife,light,stove,pot,extractor hood,door,kitchenette,sink,,,,,,,,,,,,
127_kitch_copy,cabinet,glass door,basket,shelf,fridge,kitchenette,sink,bowl,fruit,plate,vegetable,vase,plant,chair,lamp,door,counter,oven,microwave,shelf,plant,stove,,
128_bath,towel holder,towel,shower,shower screen,shampoo bottle,rug,sink,cup,toothbrush,shelf,bathroom utensil,toilet,,,,,,,,,,,,
128_bath_copy,bathtub,shampoo bottle,shower,shower screen,bathroom vanity,sink,toothbrush,cup,soap,mirror,lamp,toilet,shelf,soap bottle,picture,window,plant,,,,,,,
128_kitch,table,chair,tablecloth,counter,cabinet,sink,window,curtain,drainer,dishwasher,stove,pot,ladle,kitchen utensil,washing machine,fridge,rug,,,,,,,
128_kitch_copy,cabinet,glass door,basket,shelf,fridge,kitchenette,sink,bowl,fruit,plate,vegetable,vase,plant,chair,door,counter,oven,microwave,shelf,kitchen utensil,plant,,,
129_bath,sink,cup,toothbrush,soap,mirror,shower,shower curtain,window,lamp,toilet,rug,cabinet,shelf,bathroom utensil,,,,,,,,,,
129_bath_copy,bathtub,shampoo bottle,shower,shower screen,bathroom vanity,sink,toothbrush,cup,soap,mirror,lamp,toilet,shelf,soap bottle,picture,window,plant,,,,,,,
129_kitch,microwave,counter,cabinet,stove,extractor hood,oven,oil bottle,jar,pot,sink,teapot,sugar container,window,trash bin,fridge,,,,,,,,,
129_kitch_copy,cabinet,glass door,shelf,fridge,kitchenette,sink,bowl,fruit,plate,vegetable,vase,plant,chair,lamp,door,counter,oven,microwave,shelf,kitchen utensil,plant,stove,extractor hood,
130_bath,sink,mirror,towel holder,towel,toilet,bathtub,bag,washing machine,cup,detergent,,,,,,,,,,,,,,
130_bath_copy,bathtub,shampoo bottle,shower,shower screen,bathroom vanity,sink,toothbrush,cup,soap,mirror,lamp,toilet,shelf,soap bottle,picture,,,,,,,,,
130_kitch,table,blender,outlet,stove,counter,cabinet,cup,plate,sink,,,,,,,,,,,,,,,
130_kitch_copy,cabinet,glass door,basket,shelf,kitchenette,sink,bowl,fruit,plate,vegetable,vase,chair,lamp,door,counter,oven,microwave,shelf,kitchen utensil,plant,,,,
131_bath,toilet,toilet brush,cabinet,bathtub,window,curtain,rug,sink,shower,,,,,,,,,,,,,,,
131_bath_copy,bathtub,shampoo bottle,shower,shower screen,bathroom vanity,sink,toothbrush,cup,soap,mirror,lamp,toilet,shelf,soap bottle,picture,window,plant,,,,,,,
131_kitch,counter,cabinet,stove,extractor hood,oven,sink,spice shelf,shelf,plate,cup,kitchen utensil,table,chair,cup,window,,,,,,,,,
131_kitch_copy,cabinet,glass door,basket,shelf,kitchenette,sink,bowl,fruit,plate,vase,chair,lamp,door,counter,oven,microwave,,,,,,,,
132_bath,toilet,toilet paper,bathroom vanity,cabinet,sink,mirror,window,curtain,vase,flower,shower,shower screen,shampoo bottle,,,,,,,,,,,
132_bath_copy,bathtub,shampoo bottle,shower,shower screen,bathroom vanity,sink,toothbrush,cup,soap,mirror,lamp,toilet,shelf,soap bottle,picture,window,plant,,,,,,,
132_kitch,counter,washing machine,cabinet,sink,window,curtain,vase,flower,stove,dishwasher,oven,fridge,,,,,,,,,,,,
132_kitch_copy,cabinet,fridge,kitchenette,sink,chair,lamp,door,counter,oven,microwave,shelf,stove,,,,,,,,,,,,
133_bath,laundry basket,washing machine,towel holder,towel,shower,shower screen,shampoo bottle,rug,sink,mirror,toilet,bin,toilet paper,,,,,,,,,,,
133_bath_copy,bathtub,shampoo bottle,shower,shower screen,bathroom vanity,sink,toothbrush,cup,soap,mirror,lamp,toilet,shelf,soap bottle,picture,window,plant,,,,,,,
133_kitch,counter,cabinet,coffee machine,glass,plate,sink,soap,kitchen utensil,spice,stove,oven,window,blind,picture,table,chair,water bottle,glass,,,,,,
133_kitch_copy,cabinet,glass door,basket,shelf,fridge,kitchenette,sink,bowl,fruit,plate,vegetable,vase,plant,chair,lamp,door,counter,oven,microwave,shelf,kitchen utensil,plant,stove,
134_bath,water boiler,shower,shower screen,rug,sink,mirror,cabinet,shelf,toilet paper,toilet,,,,,,,,,,,,,,
134_bath_copy,bathtub,shampoo bottle,shower,shower screen,bathroom vanity,sink,toothbrush,cup,soap,mirror,lamp,toilet,shelf,soap bottle,picture,window,plant,,,,,,,
134_kitch,shelf,plate,cutlery,kitchen utensil,stove,sink,counter,cabinet,washing machine,,,,,,,,,,,,,,,
134_kitch_copy,cabinet,glass door,shelf,kitchenette,sink,bowl,fruit,plate,vegetable,vase,plant,chair,lamp,door,counter,oven,microwave,shelf,kitchen utensil,stove,,,,
135_bath,toilet,towel,shower,rug,sink,soap,plant,mirror,,,,,,,,,,,,,,,,
135_bath_copy,bathtub,shampoo bottle,shower,shower screen,bathroom vanity,sink,toothbrush,cup,soap,mirror,lamp,toilet,shelf,soap bottle,picture,,,,,,,,,
135_kitch,counter,cabinet,stove,oven,sink,fridge,table,chair,vase,flower,bowl,,,,,,,,,,,,,
135_kitch_copy,cabinet,glass door,shelf,fridge,kitchenette,sink,bowl,fruit,plate,vegetable,vase,plant,chair,door,,,,,,,,,,
136_bath,mirror,sink,shelf,bathtub,shower,toilet,cabinet,,,,,,,,,,,,,,,,,
136_bath_copy,bathtub,shampoo bottle,shower,shower screen,bathroom vanity,sink,toothbrush,cup,soap,mirror,lamp,toilet,shelf,soap bottle,picture,window,plant,,,,,,,
136_kitch,fridge,counter,coffee machine,cup,cabinet,stove,extractor hood,oven,sink,towel holder,kitchen towel,,,,,,,,,,,,,
136_kitch_copy,cabinet,glass door,basket,shelf,fridge,kitchenette,sink,bowl,fruit,plate,vegetable,plant,chair,door,counter,oven,microwave,shelf,stove,,,,,
