Var1,Var2,Var3,Var4,Var5,Var6
sun_afbibxsnpvkmvhxn.jpg,sun_ahljzhgcdpomplvg.jpg,right,right,1,kitchen
sun_aicgqimzgcarglin.jpg,sun_auvoisqytmeuwsei.jpg,left,right,0,kitchen
sun_aqwqdcouifhpnenx.jpg,sun_afdziudzwqvfqhaa.jpg,right,left,0,bahtroom
labelme_huhykljhyigbhct.jpg,sun_abxhgawspdtjctgo.jpg,left,right,0,bahtroom
labelme_xbsnnlvmskdknsb.jpg,sun_abdfyewutgothiee.jpg,right,right,1,bahtroom
sun_ajtqfkwqpektgwsv.jpg,sun_adthtuhxofgeohjs.jpg,right,right,1,kitchen
labelme_uogxwpbmtxcnafj.jpg,sun_abcpcybofkipeamp.jpg,right,right,1,bahtroom
sun_alvdofgavhiiyosk.jpg,sun_ahspylgoovwmwvgk.jpg,left,left,1,kitchen
sun_amkckbxigznghvip.jpg,sun_aunswfyhvhmybvbq.jpg,left,left,1,bahtroom
sun_ateowiyyxtlctxnj.jpg,sun_aehohrcvfycxfsrj.jpg,left,right,0,bahtroom
sun_aarslpsdvwwqyohc.jpg,sun_adrgwxplvsqsbmwy.jpg,left,right,0,bahtroom
sun_arvuykssgbdzaavk.jpg,sun_ahuvhvttjxsfdgfz.jpg,right,left,0,kitchen
sun_ahqrrgokszxtlsyi.jpg,sun_aaktvzxuzcrholrn.jpg,left,left,1,kitchen
sun_anyicygoftxdnxql.jpg,sun_algoxblljggkqwvc.jpg,right,left,0,bahtroom
sun_aevezokbkeojznwq.jpg,sun_awvlwaynzureoabt.jpg,right,right,1,kitchen
sun_aorysgcktvwbovgc.jpg,labelme_lvxvmtajfqifwsi.jpg,left,right,0,kitchen
sun_acpufsxakyzrtcti.jpg,sun_ayyzminaxvwhwfvn.jpg,right,left,0,kitchen
sun_aovnyfewezfmgwke.jpg,sun_abdxkyyxwfskuaqb.jpg,right,left,0,kitchen
sun_ajkawyunawdxfxob.jpg,sun_ayzxggniujkexyak.jpg,right,right,1,kitchen
sun_ahixopvqokygrcgy.jpg,sun_aemhnwrhcighbgjd.jpg,right,right,1,bahtroom
sun_avcxsdrrfbrkydcp.jpg,sun_autjxzcszixzzsjs.jpg,right,right,1,bahtroom
sun_ajnvbqoszcilcmds.jpg,sun_aapllqyqlykszopd.jpg,right,right,1,kitchen
sun_aobyfgpmnvnnuolx.jpg,sun_awrpplbfwpcnfprs.jpg,right,left,0,kitchen
sun_agrhekhltqnhqoau.jpg,sun_agorklincwxrdtga.jpg,right,right,1,kitchen
sun_axouwjxmvidopcvg.jpg,sun_avoysclcqtohyxqk.jpg,right,right,1,kitchen
sun_atcwuzwzjucraewh.jpg,sun_abktjgdhjcircubi.jpg,left,right,0,bahtroom
sun_anaaondppjmietbw.jpg,sun_apeeialkgkuxddgh.jpg,left,left,1,bahtroom
sun_ajomvdpkryvawqyv.jpg,sun_axoxclwbjtankfvv.jpg,left,right,0,kitchen
sun_ayfwodsvoatztibh.jpg,sun_artaayntidcufyqj.jpg,left,left,1,bahtroom
sun_agqfelptwqubavme.jpg,sun_anltpptcpfdrhlks.jpg,right,left,0,bahtroom
sun_adoqbnxbotablpwl.jpg,sun_azupudlsexguycsg.jpg,left,right,0,kitchen
labelme_aqzpndrsppatraq.jpg,sun_adwvsndpdsgzeste.jpg,right,left,0,bahtroom
sun_akjkxldecwnanoah.jpg,sun_accobobcpaqpweja.jpg,left,left,1,bahtroom
labelme_rwwtgnnqniabmbw.jpg,sun_aclxihxinvcqwpqb.jpg,right,left,0,bahtroom
sun_awmotvrngkanplxe.jpg,sun_azmxhfvqwtezkhky.jpg,left,left,1,kitchen
sun_anjplxxhrqpqpzlr.jpg,sun_ayibahoilqtmcnog.jpg,left,right,0,kitchen
sun_aaznyvntjefttmaz.jpg,sun_anataziqnxpfsdpx.jpg,left,right,0,bahtroom
sun_aprmzdnceosyiiqx.jpg,sun_auyiqnjooapfftxc.jpg,left,right,0,bahtroom
sun_apmpdqangkfvwrpn.jpg,sun_azdnupmzwdxwflvh_Image_44.jpg,right,right,1,kitchen
sun_aenotlpyftoioydp.jpg,sun_awcpdzzznmweyyhv.jpg,right,right,1,kitchen
sun_anuwqvomituqoawj.jpg,labelme_jxmlyqwioqvlbuu.jpg,left,right,0,bahtroom
sun_aelpnoofufvvqqhf.jpg,sun_ahrwldmgnrivpora.jpg,right,left,0,kitchen
sun_aglwoufpxbtxqecp.jpg,sun_aalrsaxeqqthtwnd.jpg,left,right,0,kitchen
labelme_vvuttgvlwdydbkh.jpg,sun_adtcisttpyqtaiht.jpg,right,right,1,bahtroom
sun_aqocausinnuaogit.jpg,sun_aurpxuplabfqdwdo.jpg,right,right,1,bahtroom
sun_aizrxrylbrdfhxez.jpg,sun_auegcfeaxvcxqfvy.jpg,right,left,0,kitchen
sun_anbwfxayngoytjhx.jpg,sun_axkxwlbatrhoxrsg.jpg,left,left,1,kitchen
sun_ajcbalthjpmuyygk.jpg,sun_awwsahpstphbexsu.jpg,left,left,1,bahtroom
sun_asrcfjusjydonoin.jpg,sun_avgavmxqjvtwbqfp.jpg,right,right,1,kitchen
sun_angvzhbidnxzubxm.jpg,labelme_sfxiulhjbhlyiyt.jpg,left,left,1,bahtroom
sun_aheymxjdkejwbehi.jpg,sun_aggjlwcdjsjcaemh.jpg,right,right,1,kitchen
sun_algllabdmeofrowq.jpg,sun_amfzhbvtrslclwdb.jpg,right,left,0,bahtroom
labelme_albwvmqgrgwlxxx.jpg,sun_acsximawktgupevi.jpg,right,right,1,bahtroom
sun_akwygwqxkobglwvv.jpg,sun_abftihopvusyfakt.jpg,right,right,1,kitchen
sun_axnnsaaqniecbwhm.jpg,sun_anfihbnuoxesjayz.jpg,right,left,0,bahtroom
sun_asuudekbluwjwevp.jpg,sun_aaqmdzcszfhfovbh.jpg,right,right,1,bahtroom
sun_aauyknaheebshrxq.jpg,sun_aveufkcvojpcdova.jpg,left,right,0,kitchen
sun_anbqoyitlozwisvu.jpg,sun_avwpumqbuegvqqbu.jpg,right,right,1,kitchen
sun_azbjiqtpgvxjjuzr.jpg,sun_achyjnztuqvhezkt.jpg,left,right,0,bahtroom
sun_axvbhkthyolfaqez.jpg,sun_acbgmwnsrgzxmxmp.jpg,left,right,0,bahtroom
sun_aiksqkpgryhzwevk.jpg,labelme_iwnmlikkpckxnxe.jpg,left,right,0,bahtroom
sun_acnxqvumxuhphsox.jpg,sun_aargqoyvvsvylmht.jpg,left,right,0,kitchen
sun_acznlxcgnetogsai.jpg,sun_avuzlcqxzrzteyvc.jpg,left,right,0,kitchen
sun_aqyyqhbfyinaxiuf.jpg,sun_atstyziqcmkahyxk.jpg,left,left,1,bahtroom
sun_arehvoriqhbnqssp.jpg,sun_aafpallawmjtlxbq.jpg,left,left,1,bahtroom
sun_alyergctkjrpiwgr.jpg,sun_awvrogxymlfvgbka.jpg,right,left,0,kitchen
sun_abgovsbwwyozjdzp.jpg,sun_aylxqhcpdrwhgdmw.jpg,left,right,0,kitchen
sun_ahrbttcvmcxopgma.jpg,sun_abapwbhyhkfixyex.jpg,right,left,0,bahtroom
sun_ayhqvuklxnmflgid.jpg,sun_alrubxobsiibggnn.jpg,left,left,1,bahtroom
sun_ajieuepqwqsumwkj.jpg,sun_audnevpwzvjeaqoy.jpg,right,right,1,bahtroom
sun_anecxlyzpkjfxrgi.jpg,sun_aamedkxepzlwuxes.jpg,left,right,0,kitchen
sun_awvfnogmotsvhofs.jpg,sun_amswaaduxxcxjira.jpg,right,right,1,bahtroom
sun_ahjhgfuccyykgcqk.jpg,sun_aeimueaxkhrobcmn.jpg,left,right,0,bahtroom
sun_acfmftudsenhrfhy.jpg,sun_ayxsplqvqxvtydyw.jpg,left,left,1,kitchen
sun_agtnmpgkrgkzbvjw.jpg,sun_axopregqgznwqduu.jpg,right,left,0,kitchen
sun_aavzagnbsbymxlyh.jpg,labelme_rykdqxenmhulbdn.jpg,left,right,0,kitchen
sun_ahvpoenucqfbjkep.jpg,sun_avxlcmycjcngnmgn.jpg,left,left,1,kitchen
sun_aclkmsuodfedolnj.jpg,sun_awqcgyxhgldhszxe.jpg,left,right,0,kitchen
sun_ajuvfnxneqoptivg.jpg,sun_adququhqijofxndk.jpg,right,right,1,bahtroom
sun_afsugeohwcfpkvgo.jpg,sun_abwbbibjamkycqvp.jpg,right,left,0,bahtroom
sun_aarrcygkwuzaeiuk.jpg,sun_agnnleubtcanaxzp.jpg,right,right,1,kitchen
sun_auetjleugthejgoc.jpg,sun_aaejiblhhmkhwjky.jpg,right,left,0,bahtroom
sun_azfvmsmpvphupjpu.jpg,sun_adjgnpenryftfwsr.jpg,right,right,1,kitchen
sun_arhwdncltdednobr.jpg,sun_atvabkwxtkmfrgpg.jpg,right,left,0,bahtroom
labelme_mitrosygehdeufb.jpg,sun_aclfzgynxzxlbepz.jpg,left,right,0,bahtroom
sun_ateoptjjakachbou.jpg,sun_afxjcqelwocpxiyf.jpg,left,right,0,kitchen
sun_atnitteqxzjhgjfy.jpg,sun_abdvqhfudneaucdv.jpg,left,left,1,bahtroom
sun_aqgljqwslycnxfzi.jpg,sun_awpnwlxnhcxbltww.jpg,left,left,1,kitchen
sun_ajnzlaendvxbrnmy.jpg,sun_aeckhfhauwooraxm.jpg,left,left,1,bahtroom
sun_afuskngoumwbljpz.jpg,sun_aanjcbzdvtvblsdy.jpg,left,left,1,bahtroom
labelme_ypjbonxtpwcohyk.jpg,sun_aqpammbucicotugq.jpg,left,left,1,bahtroom
sun_awlmntruykfbsame.jpg,sun_anvnteddcdamdehd.jpg,right,right,1,kitchen
sun_avsajiwmqfxawdbz.jpg,sun_abatxvtlyykharmu.jpg,right,right,1,bahtroom
sun_agauzddnbwdarpbz.jpg,sun_abtukhmkjdzyfxhr.jpg,left,right,0,bahtroom
sun_aqrpegblszgcoujh.jpg,sun_aqlxkxovihtbzglk.jpg,right,left,0,bahtroom
sun_abvctdwfbgsumtid.jpg,sun_aymtuhmvmnoftepq.jpg,right,right,1,kitchen
sun_acdlgczjpwkeuvgy.jpg,sun_agwyjigcjffomrmw.jpg,left,right,0,kitchen
sun_anjpziwkjniyzlkr.jpg,sun_awanhgiwrrxlxomx.jpg,right,right,1,kitchen
sun_afznskzeyysxrlqg.jpg,sun_agfmsmojwptjoava.jpg,left,left,1,kitchen
sun_aexxtzchsriqptwg.jpg,sun_aamdjwemxpmmtypi.jpg,left,left,1,bahtroom
sun_aiwjjxhtgtrwjdsf.jpg,sun_axvfcxucpkhbmcop.jpg,left,right,0,kitchen
sun_aywpszwfywdmgrpv.jpg,sun_acntykkclblgmzaq.jpg,right,left,0,bahtroom
sun_awqncsdprzjtqkum.jpg,sun_awbapnfjszkeipdp.jpg,right,right,1,kitchen
sun_azqyogdvyhahyram.jpg,labelme_tpijmjsmbzbktsa.jpg,right,right,1,bahtroom
sun_aykqizkgpgmqzxbh.jpg,sun_atmztryenwyfdzhn.jpg,right,right,1,bahtroom
sun_agldadusrezhmyva.jpg,sun_agdcinfniawzffdd.jpg,right,right,1,kitchen
sun_ahdycvpopffkzzsu.jpg,sun_avgmuomzzvtdobun.jpg,left,right,0,kitchen
sun_aufbguyyrccwwxuf.jpg,sun_abpwyqmlzafvklqo.jpg,left,left,1,kitchen
sun_arzpkkvcdvvswxnf.jpg,sun_acwhfpczauztymsz.jpg,right,right,1,bahtroom
sun_ajxqlzmoovksgjbl.jpg,sun_avjbidbdqqcnrdva.jpg,left,right,0,kitchen
sun_aibgyrlkgcnwvhxl.jpg,sun_abdenxonkemggwsq.jpg,left,right,0,kitchen
labelme_yfvjufwlxjspvee.jpg,sun_azqgnygsgobzrpks.jpg,left,left,1,kitchen
sun_abntrinbqbsqoowj.jpg,labelme_brsyyvweiuaazfr.jpg,left,left,1,kitchen
sun_accreawivrzlvqyc.jpg,sun_ajfhjwrwoqadmjlk.jpg,left,right,0,kitchen
sun_atkzwhcuawuauxxx.jpg,sun_addsacqmcbavfmcm.jpg,left,left,1,bahtroom
sun_akoozmcccyrpzqdd.jpg,sun_azmutvzbxypaceni.jpg,left,left,1,kitchen
sun_ajawyzbcsphfnsgb.jpg,sun_adhxzqwyneslievj.jpg,left,left,1,bahtroom
sun_awmhkaergffvuksf.jpg,sun_aawkypwlygauburu.jpg,left,left,1,bahtroom
sun_aepdfzurhsaporkg.jpg,sun_aawgmipacllifrjh.jpg,right,left,0,bahtroom
sun_abdiiftvfbsqoreg.jpg,sun_akyikspsjxhbzvar.jpg,left,left,1,bahtroom
sun_ahovdllcccjqjyeb.jpg,sun_afntquzbbhrubttc.jpg,right,left,0,kitchen
sun_anmlnygclbxbrdbw.jpg,sun_abeymlrfgckenfyk.jpg,right,left,0,bahtroom
sun_apkxzenqapsujocq.jpg,sun_acgyywnybuveqsro.jpg,right,left,0,bahtroom
sun_aqxypnffmypblepf.jpg,sun_aytqouzkmemucrhx.jpg,left,right,0,kitchen
sun_abtdlltafvpypcff.jpg,labelme_eyqkdhbapysbwbv.jpg,left,right,0,kitchen
sun_anydqmweocgeuwol.jpg,sun_amjwgeygszefftft.jpg,left,left,1,bahtroom
sun_atgzwnczaxwddrai.jpg,labelme_qeiiwfvopreljdg.jpg,right,right,1,kitchen
sun_afscqnhvouixrplg.jpg,sun_albrprbpkugpwgvp.jpg,right,left,0,bahtroom
sun_awhvlirgpcdffbsk.jpg,sun_abpdoqdjxnjnftrm.jpg,right,right,1,kitchen
sun_azckywjqzicxsgez.jpg,sun_adyvrenfhpsmfawq.jpg,left,left,1,bahtroom
sun_awwembxtbzpnilay.jpg,sun_azzwhxnibmsjapvf.jpg,right,right,1,kitchen
sun_akwvdhqsbtcesevi.jpg,sun_afqpfzmhhuegedtn.jpg,left,left,1,kitchen
sun_apdxoksqpmpghypf.jpg,sun_auticobqsbwgoppi.jpg,left,right,0,kitchen
sun_abruimnjlaxgqbze.jpg,sun_aajwineqhytafdfq.jpg,right,left,0,bahtroom
sun_aobtqmsjotgsxppu.jpg,sun_aarfiyshqohlwkmo.jpg,right,left,0,kitchen
sun_aaurzltrbxfksuhz.jpg,sun_asbleyoooqkgvzal.jpg,left,right,0,bahtroom
sun_ahbhthuvbhsokcnl.jpg,sun_aaofphpvkeqlhwgu.jpg,right,right,1,kitchen
sun_akzfjiqikzlwlbaq.jpg,sun_alelvvcrrhnpgexu.jpg,right,left,0,bahtroom
sun_amgkcbncvhsceeuq.jpg,sun_ayuaydjcuqxqnrlq.jpg,left,left,1,kitchen
sun_ajnzhggqkskokvyd.jpg,sun_acgilwmyulcwzknd.jpg,right,right,1,kitchen
sun_aapitsgbtktqubfy.jpg,sun_apgsqzfknyrvgzzl.jpg,right,right,1,bahtroom
sun_abjtwfukuwddzted.jpg,sun_amzteeoyleghnbmn.jpg,left,right,0,bahtroom
sun_ajlxdvfhywnxqswk.jpg,sun_advknbnlffvfgmih.jpg,left,left,1,bahtroom
sun_acwjdupvyjsugpay.jpg,sun_axgovunngrypgpvc.jpg,right,left,0,kitchen
sun_alkabxwdzpdmkuvo.jpg,sun_aaovjkimodzhjazj.jpg,right,right,1,bahtroom
sun_ageomnacdflnblsi.jpg,sun_abivdfzypgoaatlb.jpg,right,left,0,bahtroom
sun_amppupofnobgmmut.jpg,sun_aevqhbysjjdiuhsi.jpg,left,right,0,bahtroom
sun_ahmxuekfssakrqmm.jpg,sun_aaosapfuyeqaxzkj.jpg,right,left,0,kitchen
sun_ayqukzphzqiguvnc.jpg,sun_aaqhazmhbhefhakh.jpg,left,left,1,kitchen
sun_azqlhsjgbwpcseew.jpg,sun_aegzcnuxtvoxtlmw.jpg,right,left,0,bahtroom
